frame_0	0.0	-5000.003000000001	0.0
frame_1	0.0	-5000.003000000001	0.0
frame_2	-0.0	-5000.004	0.0
frame_3	-0.0	-5000.004	0.0
frame_4	-0.0	-5000.004	0.0
frame_5	-0.0	-5000.005	0.0
frame_6	-0.0	-5000.005	0.0
frame_7	-0.0	-5000.005	0.0
frame_8	-0.0	-5000.005	0.0
frame_9	-0.0	-5000.006	0.0
frame_10	-0.0	-5000.006	0.0
frame_11	-0.0	-5000.006	0.0
frame_12	-0.0	-5000.006	0.0
frame_13	-0.0	-5000.006	0.0
frame_14	-0.0	-5000.006	0.0
frame_15	-0.0	-5000.006	0.0
frame_16	-0.0	-5000.006	0.0
frame_17	-0.0	-5000.006	0.0
frame_18	-0.0	-5000.006	0.0
frame_19	-0.0	-5000.005	0.0
frame_20	-0.0	-5000.005	0.0
frame_21	-0.0	-5000.005	0.0
frame_22	-0.0	-5000.005	0.0
frame_23	-0.0	-5000.005	0.0
frame_24	-0.0	-5000.005	0.0
frame_25	-0.0	-5000.005	0.0
frame_26	0.0	-5000.005	0.0
frame_27	0.0	-5000.005	0.0
frame_28	0.0	-5000.006	0.0
frame_29	0.0	-5000.006	0.0
frame_30	0.0	-5000.006	0.0
frame_31	0.0	-5000.006	0.0
frame_32	0.0	-5000.0070000000005	0.0
frame_33	0.0	-5000.0070000000005	0.0
frame_34	0.0	-5000.0070000000005	0.0
frame_35	0.0	-5000.0070000000005	0.0
frame_36	0.0	-5000.0070000000005	0.0
frame_37	0.0	-5000.008	0.0
frame_38	0.0	-5000.008	0.0
frame_39	0.0	-5000.009	0.0
frame_40	0.0	-5000.009	0.0
frame_41	0.0	-5000.009	0.0
frame_42	0.0	-5000.009	0.0
frame_43	0.0	-5000.009999999999	0.0
frame_44	0.0	-5000.009999999999	0.0
frame_45	0.0	-5000.009999999999	0.0
frame_46	0.0	-5000.009999999999	0.0
frame_47	0.0	-5000.009999999999	0.0
frame_48	0.0	-5000.009999999999	0.0
frame_49	0.0	-5000.009999999999	0.0
frame_50	0.0	-5000.009999999999	0.0
frame_51	0.0	-5000.009999999999	0.0
frame_52	0.0	-5000.009999999999	0.0
frame_53	0.0	-5000.009999999999	0.0
frame_54	0.0	-5000.009999999999	0.0
frame_55	0.0	-5000.009999999999	0.0
frame_56	0.0	-5000.009999999999	0.0
frame_57	0.0	-5000.009999999999	0.0
frame_58	0.0	-5000.009999999999	0.0
frame_59	0.0	-5000.009999999999	0.0
frame_60	0.0	-5000.0109999999995	0.0
frame_61	0.0	-5000.0109999999995	0.0
frame_62	0.0	-5000.012	0.0
frame_63	0.0	-5000.012	0.0
frame_64	0.0	-5000.012	0.0
frame_65	0.0	-5000.012	0.0
frame_66	0.0	-5000.012	0.0
frame_67	0.0	-5000.012	0.0
frame_68	0.0	-5000.012	0.0
frame_69	0.0	-5000.012	0.0
frame_70	0.0	-5000.012	0.0
frame_71	0.0	-5000.012	0.0
frame_72	0.0	-5000.012	0.0
frame_73	0.0	-5000.012	0.0
frame_74	0.0	-5000.012	0.0
frame_75	0.0	-5000.012	0.0
frame_76	0.0	-5000.012	0.0
frame_77	40.0	-5000.013	0.0
frame_78	140.0	-5000.013	0.0
frame_79	239.99999999999997	-5000.012	0.0
frame_80	340.0	-5000.012	0.0
frame_81	440.0000000000001	-5000.012	0.0
frame_82	540.0000000000001	-5000.012	0.0
frame_83	640.0000000000002	-5000.012	0.0
frame_84	740.0000000000003	-5000.012	0.0
frame_85	840.0000000000005	-5000.012	0.0
frame_86	940.0000000000005	-5000.012	0.0
frame_87	1040.0000000000005	-5000.012	0.0
frame_88	1140.0000000000005	-5000.012	0.0
frame_89	1240.0000000000007	-5000.012	0.0
frame_90	1340.0000000000007	-5000.012	0.0
frame_91	1440.000000000001	-5000.012	0.0
frame_92	1500.0	-5000.012	0.0
frame_93	1500.0	-5000.012	0.0
frame_94	1500.0	-5000.012	0.0
frame_95	1500.0	-5000.012	0.0
frame_96	1500.0	-5000.012	0.0
frame_97	1500.0	-5000.012	0.0
frame_98	1500.0	-5000.012	0.0
frame_99	1500.0	-5000.013	0.0
frame_100	1500.0	-5000.013	0.0
frame_101	1500.0	-5000.014	0.0
frame_102	1500.0	-5000.014	0.0
frame_103	1500.0	-5000.014	0.0
frame_104	1500.0	-5000.014	0.0
frame_105	1500.0	-5000.014	0.0
frame_106	1500.0	-5000.014	0.0
frame_107	1500.0	-5000.014	0.0
frame_108	1500.0	-5000.014	0.0
frame_109	1500.0	-5000.014	0.0
frame_110	1500.0	-5000.014	0.0
frame_111	1500.0	-5000.014	0.0
frame_112	1500.0	-5000.014	0.0
frame_113	1500.0	-5000.014	0.0
frame_114	1500.0	-5000.014	0.0
frame_115	1500.0	-5000.014	0.0
frame_116	1500.0	-5000.014	0.0
frame_117	1500.0	-5000.014	0.0
frame_118	1500.0	-5000.015	0.0
frame_119	1500.0	-5000.015	0.0
frame_120	1500.0	-5000.016	0.0
frame_121	1500.0	-5000.016	0.0
frame_122	1500.0	-5000.016	0.0
frame_123	1500.0	-5000.016	0.0
frame_124	1500.0	-5000.016	0.0
frame_125	1500.0	-5000.016	0.0
frame_126	1500.0	-5000.017	0.0
frame_127	1500.0	-5000.017	0.0
frame_128	1500.0	-5000.017	0.0
frame_129	1500.0	-5000.017	0.0
frame_130	1500.0	-5000.017	0.0
frame_131	1500.0	-5000.018	0.0
frame_132	1500.0	-5000.018	0.0
frame_133	1500.0	-5000.019	0.0
frame_134	1500.0	-5000.019	0.0
frame_135	1500.0	-5000.017	0.0
frame_136	1500.0	-5000.017	0.0
frame_137	1500.0	-5000.017	0.0
frame_138	1500.0	-5000.017	0.0
frame_139	1500.0	-5000.016	0.0
frame_140	1500.0	-5000.016	0.0
frame_141	1500.0	-5000.016	0.0
frame_142	1500.0	-5000.016	0.0
frame_143	1500.0	-5000.016	0.0
frame_144	1500.0	-5000.017	0.0
frame_145	1500.0	-5000.017	0.0
frame_146	1500.0	-5000.016	0.0
frame_147	1500.0	-5000.016	0.0
frame_148	1500.0	-5000.016	0.0
frame_149	1500.0	-5000.016	0.0
frame_150	1500.0	-5000.016	0.0
frame_151	1500.0	-5000.016	0.0
frame_152	1500.0	-5000.016	0.0
frame_153	1500.0	-5000.016	0.0
frame_154	1500.0	-5000.016	0.0
frame_155	1500.0	-5000.016	0.0
frame_156	1500.0	-5000.016	0.0
frame_157	1500.0	-5000.016	0.0
frame_158	1500.0	-5000.015	0.0
frame_159	1500.0	-5000.015	0.0
frame_160	1500.0	-5000.015	0.0
frame_161	1500.0	-5000.016	0.0
frame_162	1500.0	-5000.016	0.0
frame_163	1500.0	-5000.016	0.0
frame_164	1500.0	-5000.016	0.0
frame_165	1500.0	-5000.016	0.0
frame_166	1500.0	-5000.016	0.0
frame_167	1500.0	-5000.016	0.0
frame_168	1500.0	-5000.016	0.0
frame_169	1500.0	-5000.016	0.0
frame_170	1500.0	-5000.016	0.0
frame_171	1500.0	-5000.015	0.0
frame_172	1500.0	-5000.015	0.0
frame_173	1500.0	-5000.015	0.0
frame_174	1500.0	-5000.015	0.0
frame_175	1500.0	-5000.015	0.0
frame_176	1500.0	-5000.015	0.0
frame_177	1500.0	-5000.015	0.0
frame_178	1500.0	-5000.015	0.0
frame_179	1500.0	-5000.015	0.0
frame_180	1500.0	-5000.015	0.0
frame_181	1500.0	-5000.015	0.0
frame_182	1500.0	-5000.015	0.0
frame_183	1500.0	-5000.015	0.0
frame_184	1500.0	-5000.015	0.0
frame_185	1500.0	-5000.015	0.0
frame_186	1500.0	-5000.015	0.0
frame_187	1500.0	-5000.015	0.0
frame_188	1500.0	-5000.015	0.0
frame_189	1500.0	-5000.015	0.0
frame_190	1500.0	-5000.016	0.0
frame_191	1500.0	-5000.016	0.0
frame_192	1500.0	-5000.016	0.0
frame_193	1500.0	-5000.015	0.0
frame_194	1500.0	-5000.015	0.0
frame_195	1500.0	-5000.016	0.0
frame_196	1500.0	-5000.016	0.0
frame_197	1500.0	-5000.017	0.0
frame_198	1500.0	-5000.017	0.0
frame_199	1500.0	-5000.017	0.0
frame_200	1500.0	-5000.017	0.0
frame_201	1500.0	-5000.017	0.0
frame_202	1500.0	-5000.017	0.0
frame_203	1500.0	-5000.017	0.0
frame_204	1500.0	-5000.017	0.0
frame_205	1500.0	-5000.017	0.0
frame_206	1500.0	-5000.016	0.0
frame_207	1500.0	-5000.016	0.0
frame_208	1500.0	-5000.017	0.0
frame_209	1500.0	-5000.017	0.0
frame_210	1500.0	-5000.017	0.0
frame_211	1500.0	-5000.017	0.0
frame_212	1500.0	-5000.017	0.0
frame_213	1500.0	-5000.017	0.0
frame_214	1500.0	-5000.017	0.0
frame_215	1500.0	-5000.017	0.0
frame_216	1500.0	-5000.017	0.0
frame_217	1500.0	-5000.017	0.0
frame_218	1500.0	-5000.017	0.0
frame_219	1500.0	-5000.017	0.0
frame_220	1500.0	-5000.018	0.0
frame_221	1500.0	-5000.018	0.0
frame_222	1500.0	-5000.018	0.0
frame_223	1500.0	-5000.018	0.0
frame_224	1500.0	-5000.018	0.0
frame_225	1500.0	-5000.018	0.0
frame_226	1500.0	-5000.018	0.0
frame_227	1500.0	-5000.019	0.0
frame_228	1500.0	-5000.019	0.0
frame_229	1500.0	-5000.019	0.0
frame_230	1500.0	-5000.019	0.0
frame_231	1500.0	-5000.02	0.0
frame_232	1500.0	-5000.02	0.0
frame_233	1500.0	-5000.019	0.0
frame_234	1500.0	-5000.019	0.0
frame_235	1500.0	-5000.02	0.0
frame_236	1500.0	-5000.02	0.0
frame_237	1500.0	-5000.02	0.0
frame_238	1500.0	-5000.02	0.0
frame_239	1500.0	-5000.02	0.0
frame_240	1500.0	-5000.02	0.0
frame_241	1500.0	-5000.02	0.0
frame_242	1500.0	-5000.021000000001	0.0
frame_243	1500.0	-5000.021000000001	0.0
frame_244	1500.0	-5000.021000000001	0.0
frame_245	1500.0	-5000.021000000001	0.0
frame_246	1500.0	-5000.021000000001	0.0
frame_247	1500.0	-5000.021000000001	0.0
frame_248	1500.0	-5000.021000000001	0.0
frame_249	1500.0	-5000.021000000001	0.0
frame_250	1500.0	-5000.021000000001	0.0
frame_251	1500.0	-5000.021000000001	0.0
frame_252	1500.0	-5000.021000000001	0.0
frame_253	1500.0	-5000.021000000001	0.0
frame_254	1500.0	-5000.021000000001	0.0
frame_255	1500.0	-5000.021000000001	0.0
frame_256	1500.0	-5000.021000000001	0.0
frame_257	1500.0	-5000.02	0.0
frame_258	1500.0	-5000.02	0.0
frame_259	1500.0	-5000.02	0.0
frame_260	1500.0	-5000.02	0.0
frame_261	1500.0	-5000.02	0.0
frame_262	1500.0	-5000.02	0.0
frame_263	1500.0	-5000.02	0.0
frame_264	1500.0	-5000.02	0.0
frame_265	1500.0	-5000.02	0.0
frame_266	1500.0	-5000.02	0.0
frame_267	1500.0	-5000.019	0.0
frame_268	1500.0	-5000.019	0.0
frame_269	1500.0	-5000.019	0.0
frame_270	1500.0	-5000.018	0.0
frame_271	1500.0	-5000.018	0.0
frame_272	1500.0	-5000.018	0.0
frame_273	1500.0	-5000.018	0.0
frame_274	1500.0	-5000.018	0.0
frame_275	1500.0	-5000.018	0.0
frame_276	1500.0	-5000.019	0.0
frame_277	1500.0	-5000.019	0.0
frame_278	1500.0	-5000.019	0.0
frame_279	1500.0	-5000.019	0.0
frame_280	1500.0	-5000.019	0.0
frame_281	1500.0	-5000.019	0.0
frame_282	1500.0	-5000.018	0.0
frame_283	1500.0	-5000.018	0.0
frame_284	1500.0	-5000.018	0.0
frame_285	1500.0	-5000.018	0.0
frame_286	1500.0	-5000.018	0.0
frame_287	1500.0	-5000.017	0.0
frame_288	1500.0	-5000.017	0.0
frame_289	1500.0	-5000.017	0.0
frame_290	1500.0	-5000.017	0.0
frame_291	1500.0	-5000.017	0.0
frame_292	1500.0	-5000.017	0.0
frame_293	1500.0	-5000.016	0.0
frame_294	1500.0	-5000.016	0.0
frame_295	1500.0	-5000.017	0.0
frame_296	1500.0	-5000.017	0.0
frame_297	1500.0	-5000.017	0.0
frame_298	1500.0	-5000.017	0.0
frame_299	1500.0	-5000.017	0.0
frame_300	1500.0	-5000.017	0.0
frame_301	1500.0	-5000.017	0.0
frame_302	1500.0	-5000.017	0.0
frame_303	1500.0	-5000.017	0.0
frame_304	1500.0	-5000.017	0.0
frame_305	1500.0	-5000.017	0.0
frame_306	1500.0	-5000.017	0.0
frame_307	1500.0	-5000.017	0.0
frame_308	1500.0	-5000.017	0.0
frame_309	1500.0	-5000.017	0.0
frame_310	1500.0	-5000.018	0.0
frame_311	1500.0	-5000.018	0.0
frame_312	1500.0	-5000.018	0.0
frame_313	1500.0	-5000.018	0.0
frame_314	1500.0	-5000.018	0.0
frame_315	1500.0	-5000.018	0.0
frame_316	1500.0	-5000.018	0.0
frame_317	1500.0	-5000.018	0.0
frame_318	1500.0	-5000.018	0.0
frame_319	1500.0	-5000.019	0.0
frame_320	1500.0	-5000.019	0.0
frame_321	1500.0	-5000.019	0.0
frame_322	1500.0	-5000.019	0.0
frame_323	1500.0	-5000.019	0.0
frame_324	1500.0	-5000.019	0.0
frame_325	1500.0	-5000.02	0.0
frame_326	1500.0	-5000.02	0.0
frame_327	1500.0	-5000.02	0.0
frame_328	1500.0	-5000.02	0.0
frame_329	1500.0	-5000.02	0.0
frame_330	1500.01	-5000.02	0.0
frame_331	1500.01	-5000.02	0.0
frame_332	1500.01	-5000.02	0.0
frame_333	1500.01	-5000.02	0.0
frame_334	1500.01	-5000.02	0.0
frame_335	1500.01	-5000.02	0.0
frame_336	1500.01	-5000.02	0.0
frame_337	1500.01	-5000.02	0.0
frame_338	1500.01	-5000.021000000001	0.0
frame_339	1500.01	-5000.021000000001	0.0
frame_340	1500.01	-5000.021000000001	0.0
frame_341	1500.01	-5000.021000000001	0.0
frame_342	1500.01	-5000.021000000001	0.0
frame_343	1500.01	-5000.021000000001	0.0
frame_344	1500.01	-5000.021000000001	0.0
frame_345	1500.01	-5000.021000000001	0.0
frame_346	1500.01	-5000.021000000001	0.0
frame_347	1500.01	-5000.021000000001	0.0
frame_348	1500.01	-5000.021000000001	0.0
frame_349	1500.01	-5000.021000000001	0.0
frame_350	1500.01	-5000.021000000001	0.0
frame_351	1500.01	-5000.021000000001	0.0
frame_352	1500.01	-5000.021000000001	0.0
frame_353	1500.01	-5000.021000000001	0.0
frame_354	1500.01	-5000.021000000001	0.0
frame_355	1500.01	-5000.021000000001	0.0
frame_356	1500.01	-5000.022000000001	0.0
frame_357	1500.01	-5000.022000000001	0.0
frame_358	1500.01	-5000.022000000001	0.0
frame_359	1500.01	-5000.022000000001	0.0
frame_360	1500.01	-5000.022000000001	0.0
frame_361	1500.01	-5000.022000000001	0.0
frame_362	1500.01	-5000.022000000001	0.0
frame_363	1500.01	-5000.022000000001	0.0
frame_364	1500.01	-5000.022999999999	0.0
frame_365	1500.01	-5000.022999999999	0.0
frame_366	1500.01	-5000.022000000001	0.0
frame_367	1500.01	-5000.022000000001	0.0
frame_368	1500.01	-5000.022000000001	0.0
frame_369	1500.01	-5000.022000000001	0.0
frame_370	1500.01	-5000.022000000001	0.0
frame_371	1420.0097333333335	-5000.022999999999	0.0
frame_372	1320.0094000000001	-5000.022999999999	0.0
frame_373	1220.009066666667	-5000.022999999999	0.0
frame_374	1120.0087333333338	-5000.022999999999	0.0
frame_375	1020.0084000000005	-5000.022999999999	0.0
frame_376	920.0080666666672	-5000.022999999999	0.0
frame_377	820.007733333334	-5000.022999999999	0.0
frame_378	720.0074000000008	-5000.022999999999	0.0
frame_379	620.0070666666675	-5000.022000000001	0.0
frame_380	520.0067333333343	-5000.022000000001	0.0
frame_381	420.006400000001	-5000.022000000001	0.0
frame_382	320.0060666666678	-5000.022000000001	0.0
frame_383	220.00573333333446	-5000.022000000001	0.0
frame_384	120.00540000000107	-5000.022000000001	0.0
frame_385	20.005066666667762	-5000.022000000001	0.0
frame_386	-79.99526666666557	-5000.022000000001	0.0
frame_387	-179.99559999999892	-5000.022000000001	0.0
frame_388	-279.9959333333323	-5000.022000000001	0.0
frame_389	-379.9962666666655	-5000.022000000001	0.0
frame_390	-479.99659999999875	-5000.022999999999	0.0
frame_391	-579.996933333332	-5000.022999999999	0.0
frame_392	-679.9972666666653	-5000.022999999999	0.0
frame_393	-779.9975999999986	-5000.022999999999	0.0
frame_394	-879.9979333333317	-5000.022999999999	0.0
frame_395	-979.998266666665	-5000.022999999999	0.0
frame_396	-1079.9985999999983	-5000.022999999999	0.0
frame_397	-1179.9989333333317	-5000.022999999999	0.0
frame_398	-1279.9992666666649	-5000.022999999999	0.0
frame_399	-1379.999599999998	-5000.022000000001	0.0
frame_400	-1479.9999333333315	-5000.022000000001	0.0
frame_401	-1500.0	-5000.021000000001	-0.0
frame_402	-1500.0	-5000.021000000001	-0.0
frame_403	-1500.0	-5000.022000000001	0.0
frame_404	-1500.0	-5000.022000000001	0.0
frame_405	-1500.0	-5000.022000000001	0.0
frame_406	-1500.0	-5000.022000000001	0.0
frame_407	-1500.0	-5000.022000000001	0.0
frame_408	-1500.0	-5000.022000000001	0.0
frame_409	-1500.0	-5000.022000000001	0.0
frame_410	-1500.0	-5000.022000000001	0.0
frame_411	-1500.0	-5000.022999999999	0.0
frame_412	-1500.0	-5000.022999999999	0.0
frame_413	-1500.0	-5000.022999999999	0.0
frame_414	-1500.0	-5000.023999999999	0.0
frame_415	-1500.0	-5000.023999999999	0.0
frame_416	-1500.0	-5000.023999999999	0.0
frame_417	-1500.0	-5000.023999999999	0.0
frame_418	-1500.0	-5000.022999999999	0.0
frame_419	-1500.0	-5000.022999999999	0.0
frame_420	-1500.0	-5000.022999999999	0.0
frame_421	-1500.0	-5000.022999999999	0.0
frame_422	-1500.0	-5000.022999999999	0.0
frame_423	-1500.0	-5000.022999999999	0.0
frame_424	-1500.0	-5000.022999999999	0.0
frame_425	-1500.0	-5000.022999999999	0.0
frame_426	-1500.0	-5000.022999999999	0.0
frame_427	-1500.0	-5000.023999999999	0.0
frame_428	-1500.0	-5000.023999999999	0.0
frame_429	-1500.0	-5000.023999999999	0.0
frame_430	-1500.0	-5000.023999999999	0.0
frame_431	-1500.0	-5000.023999999999	0.0
frame_432	-1500.0	-5000.023999999999	0.0
frame_433	-1500.0	-5000.025	0.0
frame_434	-1500.0	-5000.025	0.0
frame_435	-1500.0	-5000.025	0.0
frame_436	-1500.0	-5000.025	0.0
frame_437	-1500.0	-5000.025	0.0
frame_438	-1500.0	-5000.025	0.0
frame_439	-1500.0	-5000.025	0.0
frame_440	-1500.0	-5000.026	0.0
frame_441	-1500.0	-5000.026	0.0
frame_442	-1500.0	-5000.026	0.0
frame_443	-1500.0	-5000.026	0.0
frame_444	-1500.0	-5000.027	0.0
frame_445	-1500.0	-5000.027	0.0
frame_446	-1500.0	-5000.027	0.0
frame_447	-1500.0	-5000.027	0.0
frame_448	-1500.0	-5000.027	0.0
frame_449	-1500.0	-5000.027	0.0
frame_450	-1500.0	-5000.028	0.0
frame_451	-1500.0	-5000.028	0.0
frame_452	-1500.0	-5000.028	0.0
frame_453	-1500.0	-5000.028	0.0
frame_454	-1500.0	-5000.028	0.0
frame_455	-1500.0	-5000.028	0.0
frame_456	-1500.0	-5000.028	0.0
frame_457	-1500.0	-5000.028	0.0
frame_458	-1500.0	-5000.028	0.0
frame_459	-1500.0	-5000.028	0.0
frame_460	-1500.0	-5000.028	0.0
frame_461	-1500.0	-5000.028	0.0
frame_462	-1500.0	-5000.028	0.0
frame_463	-1500.0	-5000.028	0.0
frame_464	-1500.0	-5000.028	0.0
frame_465	-1500.0	-5000.028	0.0
frame_466	-1500.0	-5000.028	0.0
frame_467	-1500.0	-5000.0289999999995	0.0
frame_468	-1500.0	-5000.0289999999995	0.0
frame_469	-1500.0	-5000.0289999999995	0.0
frame_470	-1500.0	-5000.0289999999995	0.0
frame_471	-1500.0	-5000.0289999999995	0.0
frame_472	-1500.0	-5000.0289999999995	0.0
frame_473	-1500.0	-5000.0289999999995	0.0
frame_474	-1500.0	-5000.0289999999995	0.0
frame_475	-1500.0	-5000.0289999999995	0.0
frame_476	-1500.0	-5000.03	0.0
frame_477	-1500.0	-5000.03	0.0
frame_478	-1500.0	-5000.03	0.0
frame_479	-1500.0	-5000.03	0.0
frame_480	-1500.0	-5000.03	0.0
frame_481	-1500.0	-5000.03	0.0
frame_482	-1500.0	-5000.03	0.0
frame_483	-1500.0	-5000.0289999999995	0.0
frame_484	-1500.0	-5000.0289999999995	0.0
frame_485	-1500.0	-5000.03	0.0
frame_486	-1500.0	-5000.03	0.0
frame_487	-1500.0	-5000.031	0.0
frame_488	-1500.0	-5000.031	0.0
frame_489	-1500.0	-5000.031	0.0
frame_490	-1500.0	-5000.031	0.0
frame_491	-1500.0	-5000.031	0.0
frame_492	-1500.0	-5000.031	0.0
frame_493	-1500.0	-5000.031	0.0
frame_494	-1500.0	-5000.031	0.0
frame_495	-1500.0	-5000.031	0.0
frame_496	-1500.0	-5000.031	0.0
frame_497	-1500.0	-5000.031	0.0
frame_498	-1500.0	-5000.031	0.0
frame_499	-1500.0	-5000.031	0.0
frame_500	-1500.0	-5000.031	0.0
frame_501	-1500.0	-5000.031	0.0
frame_502	-1500.0	-5000.032	0.0
frame_503	-1500.0	-5000.032	0.0
frame_504	-1500.0	-5000.032	0.0
frame_505	-1500.0	-5000.032	0.0
frame_506	-1500.0	-5000.032	0.0
frame_507	-1500.0	-5000.033	0.0
frame_508	-1500.0	-5000.033	0.0
frame_509	-1500.0	-5000.033	0.0
frame_510	-1500.0	-5000.033	0.0
frame_511	-1500.0	-5000.033	0.0
frame_512	-1500.0	-5000.033	0.0
frame_513	-1500.0	-5000.033	0.0
frame_514	-1500.0	-5000.033	0.0
frame_515	-1500.0	-5000.035	0.0
frame_516	-1500.0	-5000.035	0.0
frame_517	-1500.0	-5000.035	0.0
frame_518	-1500.0	-5000.035	0.0
frame_519	-1500.0	-5000.035	0.0
frame_520	-1500.0	-5000.035	0.0
frame_521	-1500.0	-5000.035	0.0
frame_522	-1500.0	-5000.035	0.0
frame_523	-1500.0	-5000.035	0.0
frame_524	-1500.0	-5000.036	0.0
frame_525	-1500.0	-5000.036	0.0
frame_526	-1500.0	-5000.035	0.0
frame_527	-1500.0	-5000.035	0.0
frame_528	-1500.0	-5000.035	0.0
frame_529	-1500.0	-5000.035	0.0
frame_530	-1500.0	-5000.035	0.0
frame_531	-1500.0	-5000.035	0.0
frame_532	-1500.0	-5000.035	0.0
frame_533	-1500.0	-5000.035	0.0
frame_534	-1500.0	-5000.035	0.0
frame_535	-1500.0	-5000.035	0.0
frame_536	-1500.0	-5000.035	0.0
frame_537	-1500.0	-5000.035	0.0
frame_538	-1500.0	-5000.035	0.0
frame_539	-1500.0	-5000.035	0.0
frame_540	-1500.0	-5000.035	0.0
frame_541	-1500.0	-5000.035	0.0
frame_542	-1500.0	-5000.035	0.0
frame_543	-1500.0	-5000.034000000001	0.0
frame_544	-1500.0	-5000.034000000001	0.0
frame_545	-1500.0	-5000.034000000001	0.0
frame_546	-1500.0	-5000.034000000001	0.0
frame_547	-1500.0	-5000.034000000001	0.0
frame_548	-1500.0	-5000.034000000001	0.0
frame_549	-1500.0	-5000.034000000001	0.0
frame_550	-1500.0	-5000.034000000001	0.0
frame_551	-1500.0	-5000.034000000001	0.0
frame_552	-1500.0	-5000.034000000001	0.0
frame_553	-1500.0	-5000.034000000001	0.0
frame_554	-1500.0	-5000.034000000001	0.0
frame_555	-1500.0	-5000.034000000001	0.0
frame_556	-1500.0	-5000.033	0.0
frame_557	-1500.0	-5000.033	0.0
frame_558	-1500.0	-5000.033	0.0
frame_559	-1500.0	-5000.033	0.0
frame_560	-1500.0	-5000.033	0.0
frame_561	-1500.0	-5000.033	0.0
frame_562	-1500.0	-5000.033	0.0
frame_563	-1500.0	-5000.032	0.0
frame_564	-1500.0	-5000.032	0.0
frame_565	-1500.0	-5000.031	0.0
frame_566	-1500.0	-5000.031	0.0
frame_567	-1500.0	-5000.031	0.0
frame_568	-1500.0	-5000.031	0.0
frame_569	-1500.0	-5000.031	0.0
frame_570	-1500.0	-5000.031	0.0
frame_571	-1500.0	-5000.032	0.0
frame_572	-1500.0	-5000.032	0.0
frame_573	-1500.0	-5000.032	0.0
frame_574	-1500.0	-5000.032	0.0
frame_575	-1500.0	-5000.032	0.0
frame_576	-1500.0	-5000.032	0.0
frame_577	-1500.0	-5000.032	0.0
frame_578	-1500.0	-5000.031	0.0
frame_579	-1500.0	-5000.031	0.0
frame_580	-1500.0	-5000.031	0.0
frame_581	-1500.0	-5000.031	0.0
frame_582	-1500.0	-5000.031	0.0
frame_583	-1500.0	-5000.031	0.0
frame_584	-1500.0	-5000.032	0.0
frame_585	-1500.0	-5000.032	0.0
frame_586	-1500.0	-5000.033	0.0
frame_587	-1500.0	-5000.033	0.0
frame_588	-1500.0	-5000.033	0.0
frame_589	-1500.0	-5000.033	0.0
frame_590	-1500.0	-5000.033	0.0
frame_591	-1500.01	-5000.033	0.0
frame_592	-1500.01	-5000.033	0.0
frame_593	-1500.01	-5000.033	0.0
frame_594	-1500.01	-5000.033	0.0
frame_595	-1500.01	-5000.034000000001	0.0
frame_596	-1500.01	-5000.034000000001	0.0
frame_597	-1500.01	-5000.033	0.0
frame_598	-1500.01	-5000.033	0.0
frame_599	-1500.01	-5000.034000000001	0.0
frame_600	-1500.01	-5000.034000000001	0.0
frame_601	-1500.01	-5000.034000000001	0.0
frame_602	-1500.01	-5000.034000000001	0.0
frame_603	-1500.01	-5000.034000000001	0.0
frame_604	-1500.01	-5000.034000000001	0.0
frame_605	-1500.01	-5000.034000000001	0.0
frame_606	-1500.01	-5000.035	0.0
frame_607	-1500.01	-5000.035	0.0
frame_608	-1500.01	-5000.035	0.0
frame_609	-1500.01	-5000.035	0.0
frame_610	-1500.01	-5000.035	0.0
frame_611	-1500.01	-5000.035	0.0
frame_612	-1500.01	-5000.036	0.0
frame_613	-1500.01	-5000.036	0.0
frame_614	-1500.01	-5000.036	0.0
frame_615	-1500.01	-5000.036	0.0
frame_616	-1500.01	-5000.036	0.0
frame_617	-1500.01	-5000.036	0.0
frame_618	-1500.01	-5000.037	0.0
frame_619	-1500.01	-5000.037	0.0
frame_620	-1500.0	-5000.037	0.0
frame_621	-1500.0	-5000.037	0.0
frame_622	-1500.0	-5000.037	0.0
frame_623	-1500.0	-5000.036	0.0
frame_624	-1500.0	-5000.036	0.0
frame_625	-1500.0	-5000.036	0.0
frame_626	-1500.0	-5000.036	0.0
frame_627	-1500.0	-5000.036	0.0
frame_628	-1500.0	-5000.036	0.0
frame_629	-1500.0	-5000.036	0.0
frame_630	-1500.0	-5000.036	0.0
frame_631	-1500.0	-5000.036	0.0
frame_632	-1500.0	-5000.036	0.0
frame_633	-1500.0	-5000.036	0.0
frame_634	-1500.0	-5000.036	0.0
frame_635	-1500.0	-5000.037	0.0
frame_636	-1500.0	-5000.037	0.0
frame_637	-1500.0	-5000.037	0.0
frame_638	-1500.0	-5000.037	0.0
frame_639	-1500.0	-5000.037	0.0
frame_640	-1500.0	-5000.038	0.0
frame_641	-1500.0	-5000.038	0.0
frame_642	-1500.0	-5000.038	0.0
frame_643	-1500.0	-5000.038	0.0
frame_644	-1500.0	-5000.038	0.0
frame_645	-1500.0	-5000.038	0.0
frame_646	-1500.0	-5000.038	0.0
frame_647	-1500.0	-5000.038	0.0
frame_648	-1500.0	-5000.038	0.0
frame_649	-1500.0	-5000.038	0.0
frame_650	-1500.0	-5000.038	0.0
frame_651	-1500.0	-5000.038	0.0
frame_652	-1500.0	-5000.038	0.0
frame_653	-1500.0	-5000.038	0.0
frame_654	-1500.0	-5000.037	0.0
frame_655	-1500.0	-5000.037	0.0
frame_656	-1500.0	-5000.037	0.0
frame_657	-1500.0	-5000.037	0.0
frame_658	-1500.0	-5000.037	0.0
frame_659	-1500.0	-5000.037	0.0
frame_660	-1500.0	-5000.037	0.0
frame_661	-1500.0	-5000.036	0.0
frame_662	-1500.0	-5000.036	0.0
frame_663	-1440.0	-5000.036	0.0
frame_664	-1339.9999999999998	-5000.036	0.0
frame_665	-1239.9999999999998	-5000.036	0.0
frame_666	-1139.9999999999998	-5000.036	0.0
frame_667	-1039.9999999999995	-5000.036	0.0
frame_668	-939.9999999999995	-5000.036	0.0
frame_669	-839.9999999999994	-5000.036	0.0
frame_670	-739.9999999999993	-5000.036	0.0
frame_671	-639.9999999999992	-5000.036	0.0
frame_672	-539.9999999999991	-5000.037	0.0
frame_673	-439.99999999999903	-5000.037	0.0
frame_674	-339.999999999999	-5000.037	0.0
frame_675	-239.99999999999892	-5000.037	0.0
frame_676	-139.99999999999895	-5000.037	0.0
frame_677	-39.99999999999894	-5000.037	0.0
frame_678	60.000000000001066	-5000.037	0.0
frame_679	160.00000000000105	-5000.037	0.0
frame_680	260.000000000001	-5000.038	0.0
frame_681	360.0000000000011	-5000.038	0.0
frame_682	460.0000000000012	-5000.038	0.0
frame_683	560.0000000000013	-5000.038	0.0
frame_684	660.0000000000014	-5000.038	0.0
frame_685	760.0000000000015	-5000.038	0.0
frame_686	860.0000000000016	-5000.038	0.0
frame_687	960.0000000000016	-5000.037	0.0
frame_688	1060.0000000000016	-5000.037	0.0
frame_689	1160.0000000000016	-5000.036	0.0
frame_690	1260.0000000000018	-5000.036	0.0
frame_691	1360.0000000000018	-5000.036	0.0
frame_692	1460.000000000002	-5000.036	0.0
frame_693	1500.0	-5000.036	0.0
frame_694	1500.0	-5000.036	0.0
frame_695	1500.0	-5000.036	0.0
frame_696	1500.0	-5000.036	0.0
frame_697	1500.0	-5000.036	0.0
frame_698	1500.0	-5000.037	0.0
frame_699	1500.0	-5000.037	0.0
frame_700	1500.0	-5000.037	0.0
frame_701	1500.0	-5000.037	0.0
frame_702	1500.0	-5000.037	0.0
frame_703	1500.0	-5000.037	0.0
frame_704	1500.0	-5000.036	-0.0
frame_705	1500.0	-5000.036	-0.0
frame_706	1500.0	-5000.037	-0.0
frame_707	1500.0	-5000.037	-0.0
frame_708	1500.0	-5000.037	-0.0
frame_709	1500.0	-5000.037	-0.0
frame_710	1500.0	-5000.038	-0.0
frame_711	1500.0	-5000.038	-0.0
frame_712	1500.0	-5000.038	-0.0
frame_713	1500.0	-5000.037	-0.0
frame_714	1500.0	-5000.037	-0.0
frame_715	1500.0	-5000.038	-0.0
frame_716	1500.0	-5000.038	-0.0
frame_717	1500.0	-5000.037	-0.0
frame_718	1500.0	-5000.037	-0.0
frame_719	1500.0	-5000.037	-0.0
frame_720	1500.0	-5000.037	-0.0
frame_721	1500.0	-5000.036	-0.0
frame_722	1500.0	-5000.036	-0.0
frame_723	1500.0	-5000.036	-0.0
frame_724	1500.0	-5000.036	-0.0
frame_725	1500.0	-5000.036	-0.0
frame_726	1500.0	-5000.036	-0.0
frame_727	1500.0	-5000.036	-0.0
frame_728	1500.0	-5000.036	-0.0
frame_729	1500.0	-5000.036	-0.0
frame_730	1500.0	-5000.036	-0.0
frame_731	1500.0	-5000.036	-0.0
frame_732	1500.0	-5000.036	-0.0
frame_733	1500.0	-5000.036	-0.0
frame_734	1500.0	-5000.036	-0.0
frame_735	1500.0	-5000.036	-0.0
frame_736	1500.0	-5000.036	-0.0
frame_737	1500.0	-5000.037	0.0
frame_738	1500.0	-5000.037	0.0
frame_739	1500.0	-5000.037	0.0
frame_740	1500.0	-5000.037	0.0
frame_741	1500.0	-5000.037	0.0
frame_742	1500.0	-5000.037	0.0
frame_743	1500.0	-5000.037	-0.0
frame_744	1500.0	-5000.037	-0.0
frame_745	1500.0	-5000.038	0.0
frame_746	1500.0	-5000.038	0.0
frame_747	1500.0	-5000.037	0.0
frame_748	1500.0	-5000.037	0.0
frame_749	1500.0	-5000.037	0.0
frame_750	1500.0	-5000.037	0.0
frame_751	1500.0	-5000.037	0.0
frame_752	1500.0	-5000.037	0.0
frame_753	1500.0	-5000.037	0.0
frame_754	1500.0	-5000.037	0.0
frame_755	1500.0	-5000.037	0.0
frame_756	1500.0	-5000.036	0.0
frame_757	1500.0	-5000.036	0.0
frame_758	1500.0	-5000.036	0.0
frame_759	1500.0	-5000.036	0.0
frame_760	1500.0	-5000.037	0.0
frame_761	1500.0	-5000.037	0.0
frame_762	1500.0	-5000.037	0.0
frame_763	1500.0	-5000.037	0.0
frame_764	1500.0	-5000.037	0.0
frame_765	1500.0	-5000.037	0.0
frame_766	1500.0	-5000.037	0.0
frame_767	1500.0	-5000.037	0.0
frame_768	1500.0	-5000.037	0.0
frame_769	1500.0	-5000.037	0.0
frame_770	1500.0	-5000.037	0.0
frame_771	1500.0	-5000.036	0.0
frame_772	1500.0	-5000.036	0.0
frame_773	1500.0	-5000.036	0.0
frame_774	1500.0	-5000.036	0.0
frame_775	1500.0	-5000.036	0.0
frame_776	1500.0	-5000.036	0.0
frame_777	1500.0	-5000.036	0.0
frame_778	1500.0	-5000.036	0.0
frame_779	1500.0	-5000.036	0.0
frame_780	1500.0	-5000.036	0.0
frame_781	1500.0	-5000.036	0.0
frame_782	1500.0	-5000.036	0.0
frame_783	1500.0	-5000.036	0.0
frame_784	1500.0	-5000.036	0.0
frame_785	1500.0	-5000.036	0.0
frame_786	1500.0	-5000.036	0.0
frame_787	1500.0	-5000.036	0.0
frame_788	1500.0	-5000.036	0.0
frame_789	1500.0	-5000.036	0.0
frame_790	1500.0	-5000.036	0.0
frame_791	1500.0	-5000.036	0.0
frame_792	1500.0	-5000.036	0.0
frame_793	1500.0	-5000.036	0.0
frame_794	1500.0	-5000.036	0.0
frame_795	1500.0	-5000.036	0.0
frame_796	1500.0	-5000.036	0.0
frame_797	1500.0	-5000.036	0.0
frame_798	1500.0	-5000.037	0.0
frame_799	1500.0	-5000.037	0.0
frame_800	1500.0	-5000.037	0.0
frame_801	1500.0	-5000.037	0.0
frame_802	1500.0	-5000.037	0.0
frame_803	1500.0	-5000.037	0.0
frame_804	1500.0	-5000.037	0.0
frame_805	1500.0	-5000.037	0.0
frame_806	1500.0	-5000.037	0.0
frame_807	1500.0	-5000.037	0.0
frame_808	1500.0	-5000.037	0.0
frame_809	1500.0	-5000.036	0.0
frame_810	1500.0	-5000.036	0.0
frame_811	1500.0	-5000.036	0.0
frame_812	1500.0	-5000.036	0.0
frame_813	1500.0	-5000.036	0.0
frame_814	1500.0	-5000.036	0.0
frame_815	1500.0	-5000.036	0.0
frame_816	1500.0	-5000.036	0.0
frame_817	1500.0	-5000.036	0.0
frame_818	1500.0	-5000.037	0.0
frame_819	1500.0	-5000.037	0.0
frame_820	1500.0	-5000.035	0.0
frame_821	1500.0	-5000.035	0.0
frame_822	1500.0	-5000.036	0.0
frame_823	1500.0	-5000.036	0.0
frame_824	1500.0	-5000.036	0.0
frame_825	1500.0	-5000.036	0.0
frame_826	1500.0	-5000.037	0.0
frame_827	1500.0	-5000.037	0.0
frame_828	1500.0	-5000.037	0.0
frame_829	1500.0	-5000.037	0.0
frame_830	1500.0	-5000.037	0.0
frame_831	1500.0	-5000.037	0.0
frame_832	1500.0	-5000.037	0.0
frame_833	1500.0	-5000.037	0.0
frame_834	1500.0	-5000.037	0.0
frame_835	1500.0	-5000.037	0.0
frame_836	1500.0	-5000.037	0.0
frame_837	1500.0	-5000.037	0.0
frame_838	1500.0	-5000.037	0.0
frame_839	1500.0	-5000.037	0.0
frame_840	1500.0	-5000.037	0.0
frame_841	1500.0	-5000.037	0.0
frame_842	1500.0	-5000.036	0.0
frame_843	1500.0	-5000.036	0.0
frame_844	1500.0	-5000.036	0.0
frame_845	1500.0	-5000.036	0.0
frame_846	1500.0	-5000.036	0.0
frame_847	1500.0	-5000.036	0.0
frame_848	1500.0	-5000.036	0.0
frame_849	1500.0	-5000.036	0.0
frame_850	1500.0	-5000.037	0.0
frame_851	1500.0	-5000.037	0.0
frame_852	1500.0	-5000.037	0.0
frame_853	1500.0	-5000.037	0.0
frame_854	1500.0	-5000.037	0.0
frame_855	1500.0	-5000.037	0.0
frame_856	1500.0	-5000.037	0.0
frame_857	1500.0	-5000.037	0.0
frame_858	1500.0	-5000.037	0.0
frame_859	1500.0	-5000.037	0.0
frame_860	1500.0	-5000.037	0.0
frame_861	1500.0	-5000.038	0.0
frame_862	1500.0	-5000.038	0.0
frame_863	1500.0	-5000.038	0.0
frame_864	1500.0	-5000.038	0.0
frame_865	1500.0	-5000.039	0.0
frame_866	1500.0	-5000.039	0.0
frame_867	1500.0	-5000.039	0.0
frame_868	1500.0	-5000.04	0.0
frame_869	1500.0	-5000.04	0.0
frame_870	1500.0	-5000.04	0.0
frame_871	1500.0	-5000.04	0.0
frame_872	1500.0	-5000.04	0.0
frame_873	1500.0	-5000.04	0.0
frame_874	1500.0	-5000.041	0.0
frame_875	1500.0	-5000.041	0.0
frame_876	1500.0	-5000.041	0.0
frame_877	1500.0	-5000.041	0.0
frame_878	1500.0	-5000.041	0.0
frame_879	1500.0	-5000.041	0.0
frame_880	1500.0	-5000.041	0.0
frame_881	1500.0	-5000.041	0.0
frame_882	1500.0	-5000.041	0.0
frame_883	1500.0	-5000.041	0.0
frame_884	1500.0	-5000.041	0.0
frame_885	1500.0	-5000.041	0.0
frame_886	1500.0	-5000.041	0.0
frame_887	1500.0	-5000.041	0.0
frame_888	1500.0	-5000.041	0.0
frame_889	1500.0	-5000.041	0.0
frame_890	1500.0	-5000.041	0.0
frame_891	1500.0	-5000.041	0.0
frame_892	1500.0	-5000.041	0.0
frame_893	1500.0	-5000.041	0.0
frame_894	1500.0	-5000.041	0.0
frame_895	1500.0	-5000.0419999999995	0.0
frame_896	1500.0	-5000.0419999999995	0.0
frame_897	1500.0	-5000.0419999999995	0.0
frame_898	1500.0	-5000.0419999999995	0.0
frame_899	1500.0	-5000.0419999999995	0.0
frame_900	1500.0	-5000.0419999999995	0.0
frame_901	1500.0	-5000.0419999999995	0.0
frame_902	1500.0	-5000.0419999999995	0.0
frame_903	1500.0	-5000.0419999999995	0.0
frame_904	1500.0	-5000.0419999999995	0.0
frame_905	1500.0	-5000.0419999999995	0.0
frame_906	1500.0	-5000.0419999999995	0.0
frame_907	1500.0	-5000.0419999999995	0.0
frame_908	1500.0	-5000.0419999999995	0.0
frame_909	1500.0	-5000.0419999999995	0.0
frame_910	1500.0	-5000.0419999999995	0.0
frame_911	1500.0	-5000.0419999999995	0.0
frame_912	1500.0	-5000.0419999999995	0.0
frame_913	1500.0	-5000.0419999999995	0.0
frame_914	1500.0	-5000.0419999999995	0.0
frame_915	1500.0	-5000.041	0.0
frame_916	1500.0	-5000.041	0.0
frame_917	1500.0	-5000.0419999999995	0.0
frame_918	1500.0	-5000.0419999999995	0.0
frame_919	1500.0	-5000.0419999999995	0.0
frame_920	1500.0	-5000.0419999999995	0.0
frame_921	1500.0	-5000.043	0.0
frame_922	1500.0	-5000.043	0.0
frame_923	1500.0	-5000.043	0.0
frame_924	1500.0	-5000.043	0.0
frame_925	1500.0	-5000.043	0.0
frame_926	1500.0	-5000.043	0.0
frame_927	1500.0	-5000.043	0.0
frame_928	1500.0	-5000.043	0.0
frame_929	1500.0	-5000.043	0.0
frame_930	1500.0	-5000.043	0.0
frame_931	1500.0	-5000.043	0.0
frame_932	1500.0	-5000.0419999999995	0.0
frame_933	1500.0	-5000.0419999999995	0.0
frame_934	1500.0	-5000.043	0.0
frame_935	1500.0	-5000.043	0.0
frame_936	1500.0	-5000.043	0.0
frame_937	1500.0	-5000.043	0.0
frame_938	1500.0	-5000.043	0.0
frame_939	1500.0	-5000.043	0.0
frame_940	1500.0	-5000.043	0.0
frame_941	1500.0	-5000.043	0.0
frame_942	1500.0	-5000.043	0.0
frame_943	1500.0	-5000.043	0.0
frame_944	1500.0	-5000.043	0.0
frame_945	1500.0	-5000.043	0.0
frame_946	1500.0	-5000.043	0.0
frame_947	1500.0	-5000.043	0.0
frame_948	1500.0	-5000.043	0.0
frame_949	1500.0	-5000.0419999999995	0.0
frame_950	1500.0	-5000.0419999999995	0.0
frame_951	1500.0	-5000.0419999999995	0.0
frame_952	1500.0	-5000.0419999999995	0.0
frame_953	1500.0	-5000.0419999999995	0.0
frame_954	1500.0	-5000.0419999999995	0.0
frame_955	1500.0	-5000.0419999999995	0.0
frame_956	1500.0	-5000.043	0.0
frame_957	1500.0	-5000.043	0.0
frame_958	1440.0	-5000.0419999999995	0.0
frame_959	1339.9999999999998	-5000.0419999999995	0.0
frame_960	1239.9999999999998	-5000.043	0.0
frame_961	1139.9999999999998	-5000.043	0.0
frame_962	1039.9999999999995	-5000.043	0.0
frame_963	939.9999999999995	-5000.043	0.0
frame_964	839.9999999999994	-5000.044	0.0
frame_965	739.9999999999993	-5000.044	0.0
frame_966	639.9999999999992	-5000.044	0.0
frame_967	539.9999999999991	-5000.044	0.0
frame_968	439.99999999999903	-5000.044	0.0
frame_969	339.999999999999	-5000.044	0.0
frame_970	239.99999999999892	-5000.044	0.0
frame_971	139.99999999999895	-5000.044	0.0
frame_972	39.99999999999894	-5000.044	0.0
frame_973	-60.000000000001066	-5000.044	0.0
frame_974	-160.00000000000105	-5000.044	0.0
frame_975	-260.000000000001	-5000.044	0.0
frame_976	-360.0000000000011	-5000.044	0.0
frame_977	-460.0000000000012	-5000.044	0.0
frame_978	-560.0000000000013	-5000.044	0.0
frame_979	-660.0000000000014	-5000.044	0.0
frame_980	-760.0000000000015	-5000.044	0.0
frame_981	-860.0000000000016	-5000.044	0.0
frame_982	-960.0000000000016	-5000.044	0.0
frame_983	-1060.0000000000016	-5000.044	0.0
frame_984	-1160.0000000000016	-5000.045	0.0
frame_985	-1260.0000000000018	-5000.045	0.0
frame_986	-1360.0000000000018	-5000.044	0.0
frame_987	-1460.000000000002	-5000.044	0.0
frame_988	-1500.0	-5000.044	-0.0
frame_989	-1500.0	-5000.044	-0.0
frame_990	-1500.0	-5000.044	-0.0
frame_991	-1500.0	-5000.044	-0.0
frame_992	-1500.0	-5000.043	-0.0
frame_993	-1500.0	-5000.043	-0.0
frame_994	-1500.0	-5000.043	-0.0
frame_995	-1500.0	-5000.043	-0.0
frame_996	-1500.0	-5000.044	-0.0
frame_997	-1500.0	-5000.044	-0.0
frame_998	-1500.0	-5000.045	0.0
frame_999	-1500.0	-5000.045	0.0
frame_1000	-1500.0	-5000.045	0.0
frame_1001	-1500.0	-5000.045	-0.0
frame_1002	-1500.0	-5000.045	-0.0
frame_1003	-1500.0	-5000.045	0.0
frame_1004	-1500.0	-5000.045	0.0
frame_1005	-1500.0	-5000.045	0.0
frame_1006	-1500.0	-5000.045	0.0
frame_1007	-1500.0	-5000.045	0.0
frame_1008	-1500.0	-5000.045	0.0
frame_1009	-1500.0	-5000.045	0.0
frame_1010	-1500.0	-5000.045	0.0
frame_1011	-1500.0	-5000.045	0.0
frame_1012	-1500.0	-5000.045	0.0
frame_1013	-1500.0	-5000.045	0.0
frame_1014	-1500.0	-5000.046	0.0
frame_1015	-1500.0	-5000.046	0.0
frame_1016	-1500.0	-5000.046	0.0
frame_1017	-1500.0	-5000.046	0.0
frame_1018	-1500.0	-5000.046	0.0
frame_1019	-1500.0	-5000.046	0.0
frame_1020	-1500.0	-5000.046	0.0
frame_1021	-1500.0	-5000.046	0.0
frame_1022	-1500.0	-5000.046	0.0
frame_1023	-1500.0	-5000.046	0.0
frame_1024	-1500.0	-5000.0470000000005	0.0
frame_1025	-1500.0	-5000.0470000000005	0.0
frame_1026	-1500.0	-5000.0470000000005	0.0
frame_1027	-1500.0	-5000.0470000000005	0.0
frame_1028	-1500.0	-5000.0470000000005	0.0
frame_1029	-1500.0	-5000.0470000000005	0.0
frame_1030	-1500.0	-5000.0470000000005	0.0
frame_1031	-1500.0	-5000.0470000000005	0.0
frame_1032	-1500.0	-5000.0470000000005	0.0
frame_1033	-1500.0	-5000.0470000000005	0.0
frame_1034	-1500.0	-5000.0470000000005	0.0
frame_1035	-1500.0	-5000.0470000000005	0.0
frame_1036	-1500.0	-5000.0470000000005	0.0
frame_1037	-1500.0	-5000.0470000000005	0.0
frame_1038	-1500.0	-5000.0470000000005	0.0
frame_1039	-1500.0	-5000.0470000000005	0.0
frame_1040	-1500.0	-5000.0470000000005	0.0
frame_1041	-1500.0	-5000.048	0.0
frame_1042	-1500.0	-5000.048	0.0
frame_1043	-1500.0	-5000.048	0.0
frame_1044	-1500.0	-5000.048	0.0
frame_1045	-1500.0	-5000.0470000000005	0.0
frame_1046	-1500.0	-5000.0470000000005	0.0
frame_1047	-1500.0	-5000.0470000000005	0.0
frame_1048	-1500.0	-5000.0470000000005	0.0
frame_1049	-1500.0	-5000.0470000000005	0.0
frame_1050	-1500.0	-5000.048	0.0
frame_1051	-1500.0	-5000.048	0.0
frame_1052	-1500.0	-5000.049	0.0
frame_1053	-1500.0	-5000.049	0.0
frame_1054	-1500.0	-5000.049	0.0
frame_1055	-1500.0	-5000.049	0.0
frame_1056	-1500.0	-5000.049	0.0
frame_1057	-1500.0	-5000.049	0.0
frame_1058	-1500.0	-5000.049	0.0
frame_1059	-1500.0	-5000.049	0.0
frame_1060	-1500.0	-5000.049	0.0
frame_1061	-1500.0	-5000.049	0.0
frame_1062	-1500.0	-5000.048	0.0
frame_1063	-1500.0	-5000.048	0.0
frame_1064	-1500.0	-5000.048	0.0
frame_1065	-1500.0	-5000.048	0.0
frame_1066	-1500.0	-5000.048	0.0
frame_1067	-1500.0	-5000.048	0.0
frame_1068	-1500.0	-5000.048	0.0
frame_1069	-1500.0	-5000.048	0.0
frame_1070	-1500.0	-5000.048	0.0
frame_1071	-1500.0	-5000.048	0.0
frame_1072	-1500.0	-5000.048	0.0
frame_1073	-1500.0	-5000.049	0.0
frame_1074	-1500.0	-5000.049	0.0
frame_1075	-1500.0	-5000.048	0.0
frame_1076	-1500.0	-5000.048	0.0
frame_1077	-1500.0	-5000.048	0.0
frame_1078	-1500.0	-5000.048	0.0
frame_1079	-1500.0	-5000.048	0.0
frame_1080	-1500.0	-5000.049	0.0
frame_1081	-1500.0	-5000.049	0.0
frame_1082	-1500.0	-5000.048	0.0
frame_1083	-1500.0	-5000.048	0.0
frame_1084	-1500.0	-5000.048	0.0
frame_1085	-1500.0	-5000.048	0.0
frame_1086	-1500.0	-5000.048	0.0
frame_1087	-1500.0	-5000.048	0.0
frame_1088	-1500.0	-5000.048	0.0
frame_1089	-1500.0	-5000.048	0.0
frame_1090	-1500.0	-5000.048	0.0
frame_1091	-1500.0	-5000.048	0.0
frame_1092	-1500.0	-5000.048	0.0
frame_1093	-1500.0	-5000.0470000000005	0.0
frame_1094	-1500.0	-5000.0470000000005	0.0
frame_1095	-1500.0	-5000.048	0.0
frame_1096	-1500.0	-5000.048	0.0
frame_1097	-1500.0	-5000.048	0.0
frame_1098	-1500.0	-5000.048	0.0
frame_1099	-1500.0	-5000.048	0.0
frame_1100	-1500.0	-5000.048	0.0
frame_1101	-1500.0	-5000.049	0.0
frame_1102	-1500.0	-5000.049	0.0
frame_1103	-1500.0	-5000.049	0.0
frame_1104	-1500.0	-5000.049	0.0
frame_1105	-1500.0	-5000.049	0.0
frame_1106	-1500.0	-5000.049	0.0
frame_1107	-1500.0	-5000.049	0.0
frame_1108	-1500.0	-5000.049	0.0
frame_1109	-1500.0	-5000.049	0.0
frame_1110	-1500.0	-5000.049	0.0
frame_1111	-1500.0	-5000.049	0.0
frame_1112	-1500.0	-5000.049	0.0
frame_1113	-1500.0	-5000.049	0.0
frame_1114	-1500.0	-5000.049	0.0
frame_1115	-1500.0	-5000.049	0.0
frame_1116	-1500.0	-5000.049	0.0
frame_1117	-1500.0	-5000.049	0.0
frame_1118	-1500.0	-5000.049	0.0
frame_1119	-1500.0	-5000.049	0.0
frame_1120	-1500.0	-5000.049	0.0
frame_1121	-1500.0	-5000.049	0.0
frame_1122	-1500.0	-5000.049	0.0
frame_1123	-1500.0	-5000.05	0.0
frame_1124	-1500.0	-5000.05	0.0
frame_1125	-1500.0	-5000.05	0.0
frame_1126	-1500.0	-5000.05	0.0
frame_1127	-1500.0	-5000.049	0.0
frame_1128	-1500.0	-5000.049	0.0
frame_1129	-1500.0	-5000.051	0.0
frame_1130	-1500.0	-5000.051	0.0
frame_1131	-1500.0	-5000.051	0.0
frame_1132	-1500.0	-5000.051	0.0
frame_1133	-1500.0	-5000.051	0.0
frame_1134	-1500.0	-5000.051	0.0
frame_1135	-1500.0	-5000.051	0.0
frame_1136	-1500.0	-5000.051	0.0
frame_1137	-1500.0	-5000.051	0.0
frame_1138	-1500.0	-5000.051	0.0
frame_1139	-1500.0	-5000.051	0.0
frame_1140	-1500.0	-5000.051	0.0
frame_1141	-1500.0	-5000.051	0.0
frame_1142	-1500.0	-5000.051	0.0
frame_1143	-1500.0	-5000.051	0.0
frame_1144	-1500.0	-5000.051	0.0
frame_1145	-1500.0	-5000.051	0.0
frame_1146	-1500.0	-5000.05	0.0
frame_1147	-1500.0	-5000.05	0.0
frame_1148	-1500.0	-5000.05	0.0
frame_1149	-1500.0	-5000.05	0.0
frame_1150	-1500.0	-5000.05	0.0
frame_1151	-1500.0	-5000.05	0.0
frame_1152	-1500.0	-5000.05	0.0
frame_1153	-1500.0	-5000.051	0.0
frame_1154	-1500.0	-5000.051	0.0
frame_1155	-1500.0	-5000.051	0.0
frame_1156	-1500.0	-5000.051	0.0
frame_1157	-1500.0	-5000.052000000001	0.0
frame_1158	-1500.0	-5000.052000000001	0.0
frame_1159	-1500.0	-5000.051	0.0
frame_1160	-1500.0	-5000.051	0.0
frame_1161	-1500.0	-5000.051	0.0
frame_1162	-1500.0	-5000.051	0.0
frame_1163	-1500.0	-5000.051	0.0
frame_1164	-1500.0	-5000.051	0.0
frame_1165	-1500.0	-5000.051	0.0
frame_1166	-1500.0	-5000.051	0.0
frame_1167	-1500.0	-5000.051	0.0
frame_1168	-1500.0	-5000.052000000001	0.0
frame_1169	-1500.0	-5000.052000000001	0.0
frame_1170	-1500.0	-5000.052000000001	0.0
frame_1171	-1500.0	-5000.052000000001	0.0
frame_1172	-1500.0	-5000.051	0.0
frame_1173	-1500.0	-5000.051	0.0
frame_1174	-1500.0	-5000.051	0.0
frame_1175	-1500.0	-5000.051	0.0
frame_1176	-1500.0	-5000.051	0.0
frame_1177	-1500.0	-5000.051	0.0
frame_1178	-1500.0	-5000.05	0.0
frame_1179	-1500.0	-5000.05	0.0
frame_1180	-1500.0	-5000.05	0.0
frame_1181	-1500.0	-5000.05	0.0
frame_1182	-1500.0	-5000.049	0.0
frame_1183	-1500.0	-5000.049	0.0
frame_1184	-1500.0	-5000.05	0.0
frame_1185	-1500.0	-5000.05	0.0
frame_1186	-1500.0	-5000.049	0.0
frame_1187	-1500.0	-5000.049	0.0
frame_1188	-1500.0	-5000.049	0.0
frame_1189	-1500.0	-5000.049	0.0
frame_1190	-1500.0	-5000.049	0.0
frame_1191	-1500.0	-5000.05	0.0
frame_1192	-1500.0	-5000.05	0.0
frame_1193	-1500.0	-5000.05	0.0
frame_1194	-1500.0	-5000.05	0.0
frame_1195	-1500.0	-5000.05	0.0
frame_1196	-1500.0	-5000.05	0.0
frame_1197	-1500.0	-5000.05	0.0
frame_1198	-1500.0	-5000.05	0.0
frame_1199	-1500.0	-5000.05	0.0
frame_1200	-1500.0	-5000.05	0.0
frame_1201	-1500.0	-5000.05	0.0
frame_1202	-1500.0	-5000.05	0.0
frame_1203	-1500.0	-5000.05	0.0
frame_1204	-1500.0	-5000.05	0.0
frame_1205	-1500.0	-5000.05	0.0
frame_1206	-1500.0	-5000.051	0.0
frame_1207	-1500.0	-5000.051	0.0
frame_1208	-1500.0	-5000.051	0.0
frame_1209	-1500.0	-5000.051	0.0
frame_1210	-1500.0	-5000.052000000001	0.0
frame_1211	-1500.0	-5000.052000000001	0.0
frame_1212	-1500.0	-5000.052000000001	0.0
frame_1213	-1500.0	-5000.051	0.0
frame_1214	-1500.0	-5000.051	0.0
frame_1215	-1500.0	-5000.051	0.0
frame_1216	-1500.0	-5000.051	0.0
frame_1217	-1500.0	-5000.051	0.0
frame_1218	-1500.0	-5000.051	0.0
frame_1219	-1500.0	-5000.051	0.0
frame_1220	-1500.0	-5000.051	0.0
frame_1221	-1500.0	-5000.052000000001	0.0
frame_1222	-1500.0	-5000.052000000001	0.0
frame_1223	-1500.0	-5000.052000000001	0.0
frame_1224	-1500.0	-5000.052000000001	0.0
frame_1225	-1500.0	-5000.053	0.0
frame_1226	-1500.0	-5000.053	0.0
frame_1227	-1500.0	-5000.053	0.0
frame_1228	-1500.0	-5000.053	0.0
frame_1229	-1500.0	-5000.053	0.0
frame_1230	-1500.0	-5000.053	0.0
frame_1231	-1500.0	-5000.053	0.0
frame_1232	-1500.0	-5000.053	0.0
frame_1233	-1500.0	-5000.053	0.0
frame_1234	-1500.0	-5000.053	0.0
frame_1235	-1500.0	-5000.053	0.0
frame_1236	-1500.0	-5000.054	0.0
frame_1237	-1500.0	-5000.054	0.0
frame_1238	-1500.0	-5000.054	0.0
frame_1239	-1500.0	-5000.054	0.0
frame_1240	-1500.0	-5000.054999999999	0.0
frame_1241	-1500.0	-5000.054999999999	0.0
frame_1242	-1500.0	-5000.054999999999	0.0
frame_1243	-1500.0	-5000.054999999999	0.0
frame_1244	-1500.0	-5000.054999999999	0.0
frame_1245	-1500.0	-5000.054999999999	0.0
frame_1246	-1500.0	-5000.054999999999	0.0
frame_1247	-1500.0	-5000.054999999999	0.0
frame_1248	-1500.0	-5000.054999999999	0.0
frame_1249	-1500.0	-5000.056	0.0
frame_1250	-1500.0	-5000.056	0.0
frame_1251	-1440.0	-5000.056	0.0
frame_1252	-1339.9999999999998	-5000.056	0.0
frame_1253	-1239.9999999999998	-5000.057	0.0
frame_1254	-1139.9999999999998	-5000.057	0.0
frame_1255	-1039.9999999999995	-5000.057	0.0
frame_1256	-939.9999999999995	-5000.057	0.0
frame_1257	-839.9999999999994	-5000.057	0.0
frame_1258	-739.9999999999993	-5000.057	0.0
frame_1259	-639.9999999999992	-5000.058	0.0
frame_1260	-539.9999999999991	-5000.058	0.0
frame_1261	-439.99999999999903	-5000.058	0.0
frame_1262	-339.999999999999	-5000.058	0.0
frame_1263	-239.99999999999892	-5000.058	0.0
frame_1264	-139.99999999999895	-5000.058	0.0
frame_1265	-39.99999999999894	-5000.058	0.0
frame_1266	60.000000000001066	-5000.057	0.0
frame_1267	160.00000000000105	-5000.057	0.0
frame_1268	260.000000000001	-5000.058	0.0
frame_1269	360.0000000000011	-5000.058	0.0
frame_1270	460.0000000000012	-5000.058	0.0
frame_1271	560.0000000000013	-5000.058	0.0
frame_1272	660.0000000000014	-5000.058	0.0
frame_1273	760.0000000000015	-5000.058	0.0
frame_1274	860.0000000000016	-5000.058	0.0
frame_1275	960.0000000000016	-5000.058	0.0
frame_1276	1060.0000000000016	-5000.058	0.0
frame_1277	1160.0000000000016	-5000.059	0.0
frame_1278	1260.0000000000018	-5000.059	0.0
frame_1279	1360.0000000000018	-5000.059	0.0
frame_1280	1460.000000000002	-5000.059	0.0
frame_1281	1500.0	-5000.059	0.0
frame_1282	1500.0	-5000.059	0.0
frame_1283	1500.0	-5000.06	0.0
frame_1284	1500.0	-5000.06	0.0
frame_1285	1500.0	-5000.06	0.0
frame_1286	1500.0	-5000.06	0.0
frame_1287	1500.0	-5000.06	0.0
frame_1288	1500.0	-5000.06	0.0
frame_1289	1500.0	-5000.06	0.0
frame_1290	1500.0	-5000.06	0.0
frame_1291	1500.0	-5000.06	0.0
frame_1292	1500.0	-5000.059	0.0
frame_1293	1500.0	-5000.059	0.0
frame_1294	1500.0	-5000.059	0.0
frame_1295	1500.0	-5000.059	0.0
frame_1296	1500.0	-5000.059	0.0
frame_1297	1500.0	-5000.059	0.0
frame_1298	1500.0	-5000.06	0.0
frame_1299	1500.0	-5000.06	0.0
frame_1300	1500.0	-5000.06	0.0
frame_1301	1500.0	-5000.06	0.0
frame_1302	1500.0	-5000.06	0.0
frame_1303	1500.0	-5000.06	0.0
frame_1304	1500.0	-5000.06	0.0
frame_1305	1500.0	-5000.06	0.0
frame_1306	1500.0	-5000.06	0.0
frame_1307	1500.0	-5000.06	0.0
frame_1308	1500.0	-5000.06	0.0
frame_1309	1500.0	-5000.06	0.0
frame_1310	1500.0	-5000.06	0.0
frame_1311	1500.0	-5000.061	0.0
frame_1312	1500.0	-5000.061	0.0
frame_1313	1500.0	-5000.061	0.0
frame_1314	1500.0	-5000.061	0.0
frame_1315	1500.0	-5000.061	0.0
frame_1316	1500.0	-5000.061	0.0
frame_1317	1500.0	-5000.06	0.0
frame_1318	1500.0	-5000.06	0.0
frame_1319	1500.0	-5000.06	0.0
frame_1320	1500.0	-5000.061	0.0
frame_1321	1500.0	-5000.061	0.0
frame_1322	1500.0	-5000.06	0.0
frame_1323	1500.0	-5000.06	0.0
frame_1324	1500.0	-5000.06	0.0
frame_1325	1500.0	-5000.06	0.0
frame_1326	1500.0	-5000.06	0.0
frame_1327	1500.0	-5000.06	0.0
frame_1328	1500.0	-5000.06	0.0
frame_1329	1500.0	-5000.06	0.0
frame_1330	1500.0	-5000.059	0.0
frame_1331	1500.0	-5000.059	0.0
frame_1332	1500.0	-5000.06	0.0
frame_1333	1500.0	-5000.06	0.0
frame_1334	1500.0	-5000.06	0.0
frame_1335	1500.0	-5000.059	0.0
frame_1336	1500.0	-5000.059	0.0
frame_1337	1500.0	-5000.059	0.0
frame_1338	1500.0	-5000.059	0.0
frame_1339	1500.0	-5000.06	0.0
frame_1340	1500.0	-5000.06	0.0
frame_1341	1500.0	-5000.061	0.0
frame_1342	1500.0	-5000.061	0.0
frame_1343	1500.0	-5000.061	0.0
frame_1344	1500.0	-5000.061	0.0
frame_1345	1500.0	-5000.061	0.0
frame_1346	1500.0	-5000.061	0.0
frame_1347	1500.0	-5000.061	0.0
frame_1348	1500.0	-5000.061	0.0
frame_1349	1500.0	-5000.061	0.0
frame_1350	1500.0	-5000.061	0.0
frame_1351	1500.0	-5000.061	0.0
frame_1352	1500.0	-5000.061	0.0
frame_1353	1500.0	-5000.061	0.0
frame_1354	1500.0	-5000.061	0.0
frame_1355	1500.0	-5000.061	0.0
frame_1356	1500.0	-5000.061	0.0
frame_1357	1500.0	-5000.061	0.0
frame_1358	1500.0	-5000.061	0.0
frame_1359	1500.0	-5000.061	0.0
frame_1360	1500.0	-5000.061	0.0
frame_1361	1500.0	-5000.061	0.0
frame_1362	1500.01	-5000.061	0.0
frame_1363	1500.01	-5000.061	0.0
frame_1364	1500.01	-5000.061	0.0
frame_1365	1500.0	-5000.061	0.0
frame_1366	1500.0	-5000.061	0.0
frame_1367	1500.0	-5000.06	0.0
frame_1368	1500.0	-5000.06	0.0
frame_1369	1500.01	-5000.06	0.0
frame_1370	1500.01	-5000.06	0.0
frame_1371	1500.01	-5000.06	0.0
frame_1372	1500.01	-5000.06	0.0
frame_1373	1500.01	-5000.06	0.0
frame_1374	1500.01	-5000.06	0.0
frame_1375	1500.01	-5000.061	0.0
frame_1376	1500.01	-5000.061	0.0
frame_1377	1500.01	-5000.061	0.0
frame_1378	1500.01	-5000.061	0.0
frame_1379	1500.01	-5000.061	0.0
frame_1380	1500.01	-5000.062	0.0
frame_1381	1500.01	-5000.062	0.0
frame_1382	1500.01	-5000.061	0.0
frame_1383	1500.01	-5000.061	0.0
frame_1384	1500.01	-5000.062	0.0
frame_1385	1500.01	-5000.062	0.0
frame_1386	1500.01	-5000.062	0.0
frame_1387	1500.01	-5000.062	0.0
frame_1388	1500.01	-5000.063	0.0
frame_1389	1500.01	-5000.063	0.0
frame_1390	1500.01	-5000.062	0.0
frame_1391	1500.01	-5000.062	0.0
frame_1392	1500.01	-5000.062	0.0
frame_1393	1500.01	-5000.062	0.0
frame_1394	1500.01	-5000.062	0.0
frame_1395	1500.01	-5000.062	0.0
frame_1396	1500.01	-5000.062	0.0
frame_1397	1500.01	-5000.062	0.0
frame_1398	1500.01	-5000.062	0.0
frame_1399	1500.01	-5000.062	0.0
frame_1400	1500.01	-5000.062	0.0
frame_1401	1500.01	-5000.062	0.0
frame_1402	1500.01	-5000.062	0.0
frame_1403	1500.01	-5000.062	0.0
frame_1404	1500.01	-5000.062	0.0
frame_1405	1500.01	-5000.062	0.0
frame_1406	1500.01	-5000.062	0.0
frame_1407	1500.01	-5000.062	0.0
frame_1408	1500.01	-5000.062	0.0
frame_1409	1500.01	-5000.062	0.0
frame_1410	1500.01	-5000.062	0.0
frame_1411	1500.01	-5000.062	0.0
frame_1412	1500.01	-5000.062	0.0
frame_1413	1500.01	-5000.062	0.0
frame_1414	1500.01	-5000.062	0.0
frame_1415	1500.01	-5000.062	0.0
frame_1416	1500.01	-5000.062	0.0
frame_1417	1500.01	-5000.062	0.0
frame_1418	1500.01	-5000.062	0.0
frame_1419	1500.01	-5000.062	0.0
frame_1420	1500.01	-5000.062	0.0
frame_1421	1500.01	-5000.062	0.0
frame_1422	1500.01	-5000.062	0.0
frame_1423	1500.01	-5000.062	0.0
frame_1424	1500.01	-5000.063	0.0
frame_1425	1500.01	-5000.063	0.0
frame_1426	1500.01	-5000.063	0.0
frame_1427	1500.01	-5000.063	0.0
frame_1428	1500.01	-5000.063	0.0
frame_1429	1500.01	-5000.063	0.0
frame_1430	1500.01	-5000.063	0.0
frame_1431	1500.01	-5000.062	0.0
frame_1432	1500.01	-5000.062	0.0
frame_1433	1500.01	-5000.063	0.0
frame_1434	1500.01	-5000.063	0.0
frame_1435	1500.01	-5000.063	0.0
frame_1436	1500.01	-5000.063	0.0
frame_1437	1500.01	-5000.061	0.0
frame_1438	1500.01	-5000.061	0.0
frame_1439	1500.01	-5000.061	0.0
frame_1440	1500.01	-5000.062	0.0
frame_1441	1500.01	-5000.062	0.0
frame_1442	1500.01	-5000.062	0.0
frame_1443	1500.01	-5000.062	0.0
frame_1444	1500.01	-5000.063	0.0
frame_1445	1500.01	-5000.063	0.0
frame_1446	1500.01	-5000.063	0.0
frame_1447	1500.01	-5000.063	0.0
frame_1448	1500.01	-5000.063	0.0
frame_1449	1500.01	-5000.063	0.0
frame_1450	1500.01	-5000.063	0.0
frame_1451	1500.01	-5000.063	0.0
frame_1452	1500.01	-5000.063	0.0
frame_1453	1500.01	-5000.063	0.0
frame_1454	1500.01	-5000.063	0.0
frame_1455	1500.01	-5000.063	0.0
frame_1456	1500.01	-5000.063	0.0
frame_1457	1500.01	-5000.062	0.0
frame_1458	1500.01	-5000.062	0.0
frame_1459	1500.01	-5000.063	0.0
frame_1460	1500.01	-5000.063	0.0
frame_1461	1500.01	-5000.063	0.0
frame_1462	1500.01	-5000.063	0.0
frame_1463	1500.01	-5000.063	0.0
frame_1464	1500.01	-5000.063	0.0
frame_1465	1500.01	-5000.063	0.0
frame_1466	1500.01	-5000.063	0.0
frame_1467	1500.01	-5000.063	0.0
frame_1468	1500.01	-5000.063	0.0
frame_1469	1500.01	-5000.063	0.0
frame_1470	1500.01	-5000.063	0.0
frame_1471	1500.01	-5000.063	0.0
frame_1472	1500.01	-5000.063	0.0
frame_1473	1500.01	-5000.063	0.0
frame_1474	1500.01	-5000.064	0.0
frame_1475	1500.01	-5000.064	0.0
frame_1476	1500.01	-5000.0650000000005	0.0
frame_1477	1500.01	-5000.0650000000005	0.0
frame_1478	1500.01	-5000.0650000000005	0.0
frame_1479	1500.01	-5000.0650000000005	0.0
frame_1480	1500.01	-5000.0650000000005	0.0
frame_1481	1500.01	-5000.0650000000005	0.0
frame_1482	1500.01	-5000.0650000000005	0.0
frame_1483	1500.01	-5000.0650000000005	0.0
frame_1484	1500.01	-5000.0650000000005	0.0
frame_1485	1500.01	-5000.0650000000005	0.0
frame_1486	1500.01	-5000.0650000000005	0.0
frame_1487	1500.01	-5000.064	0.0
frame_1488	1500.01	-5000.064	0.0
frame_1489	1500.01	-5000.064	0.0
frame_1490	1500.01	-5000.064	0.0
frame_1491	1500.01	-5000.064	0.0
frame_1492	1500.01	-5000.064	0.0
frame_1493	1500.01	-5000.064	0.0
frame_1494	1500.01	-5000.064	0.0
frame_1495	1500.01	-5000.0650000000005	0.0
frame_1496	1500.01	-5000.0650000000005	0.0
frame_1497	1500.01	-5000.0650000000005	0.0
frame_1498	1500.01	-5000.0650000000005	0.0
frame_1499	1500.01	-5000.0650000000005	0.0
frame_1500	1500.01	-5000.066000000001	0.0
frame_1501	1500.01	-5000.066000000001	0.0
frame_1502	1500.01	-5000.066000000001	0.0
frame_1503	1500.01	-5000.066000000001	0.0
frame_1504	1500.01	-5000.067	0.0
frame_1505	1500.01	-5000.067	0.0
frame_1506	1500.01	-5000.067	0.0
frame_1507	1500.01	-5000.067	0.0
frame_1508	1500.01	-5000.067	0.0
frame_1509	1500.01	-5000.067	0.0
frame_1510	1500.01	-5000.067	0.0
frame_1511	1500.01	-5000.067	0.0
frame_1512	1500.01	-5000.067	0.0
frame_1513	1500.01	-5000.067	0.0
frame_1514	1500.01	-5000.067999999999	0.0
frame_1515	1500.01	-5000.067999999999	0.0
frame_1516	1500.01	-5000.067999999999	0.0
frame_1517	1500.01	-5000.067999999999	0.0
frame_1518	1500.01	-5000.067999999999	0.0
frame_1519	1500.01	-5000.067999999999	0.0
frame_1520	1500.01	-5000.067999999999	0.0
frame_1521	1500.01	-5000.067999999999	0.0
frame_1522	1500.01	-5000.067999999999	0.0
frame_1523	1500.01	-5000.067999999999	0.0
frame_1524	1500.01	-5000.067999999999	0.0
frame_1525	1500.01	-5000.067999999999	0.0
frame_1526	1500.01	-5000.067999999999	0.0
frame_1527	1500.01	-5000.07	0.0
frame_1528	1500.01	-5000.07	0.0
frame_1529	1500.01	-5000.0689999999995	0.0
frame_1530	1500.01	-5000.0689999999995	0.0
frame_1531	1500.01	-5000.0689999999995	0.0
frame_1532	1500.01	-5000.0689999999995	0.0
frame_1533	1500.01	-5000.0689999999995	0.0
frame_1534	1500.01	-5000.0689999999995	0.0
frame_1535	1500.01	-5000.0689999999995	0.0
frame_1536	1500.01	-5000.07	0.0
frame_1537	1500.01	-5000.07	0.0
frame_1538	1500.01	-5000.07	0.0
frame_1539	1500.01	-5000.07	0.0
frame_1540	1500.01	-5000.07	0.0
frame_1541	1500.01	-5000.07	0.0
frame_1542	1500.01	-5000.07	0.0
frame_1543	1500.01	-5000.07	0.0
frame_1544	1480.0099333333335	-5000.07	0.0
frame_1545	1380.0096	-5000.07	0.0
frame_1546	1280.009266666667	-5000.07	0.0
frame_1547	1180.0089333333337	-5000.07	0.0
frame_1548	1080.0086000000003	-5000.07	0.0
frame_1549	980.0082666666672	-5000.07	0.0
frame_1550	880.0079333333339	-5000.07	0.0
frame_1551	780.0076000000007	-5000.07	0.0
frame_1552	680.0072666666674	-5000.07	0.0
frame_1553	580.0069333333342	-5000.071	0.0
frame_1554	480.00660000000096	-5000.071	0.0
frame_1555	380.0062666666677	-5000.071	0.0
frame_1556	280.00593333333444	-5000.071	0.0
frame_1557	180.0056000000011	-5000.071	0.0
frame_1558	80.00526666666775	-5000.071	0.0
frame_1559	-19.995066666665572	-5000.071	0.0
frame_1560	-119.9953999999989	-5000.071	0.0
frame_1561	-219.99573333333228	-5000.071	0.0
frame_1562	-319.99606666666557	-5000.072	0.0
frame_1563	-419.9963999999988	-5000.072	0.0
frame_1564	-519.996733333332	-5000.072	0.0
frame_1565	-619.9970666666653	-5000.072	0.0
frame_1566	-719.9973999999986	-5000.072	0.0
frame_1567	-819.9977333333318	-5000.072	0.0
frame_1568	-919.9980666666651	-5000.071	0.0
frame_1569	-1019.9983999999985	-5000.071	0.0
frame_1570	-1119.9987333333318	-5000.071	0.0
frame_1571	-1219.999066666665	-5000.071	0.0
frame_1572	-1319.999399999998	-5000.071	0.0
frame_1573	-1419.9997333333315	-5000.071	0.0
frame_1574	-1500.0	-5000.071	0.0
frame_1575	-1500.0	-5000.072	0.0
frame_1576	-1500.0	-5000.072	0.0
frame_1577	-1500.0	-5000.072	0.0
frame_1578	-1500.0	-5000.072	0.0
frame_1579	-1500.0	-5000.072	0.0
frame_1580	-1500.0	-5000.072	0.0
frame_1581	-1500.0	-5000.072	0.0
frame_1582	-1500.0	-5000.072	0.0
frame_1583	-1500.0	-5000.072	0.0
frame_1584	-1500.0	-5000.072	0.0
frame_1585	-1500.0	-5000.072	0.0
frame_1586	-1500.0	-5000.072	0.0
frame_1587	-1500.0	-5000.072	0.0
frame_1588	-1500.0	-5000.072	0.0
frame_1589	-1500.0	-5000.072	0.0
frame_1590	-1500.0	-5000.072	0.0
frame_1591	-1500.0	-5000.072	0.0
frame_1592	-1500.0	-5000.072	0.0
frame_1593	-1500.0	-5000.072	0.0
frame_1594	-1500.0	-5000.071	0.0
frame_1595	-1500.0	-5000.071	0.0
frame_1596	-1500.0	-5000.072	0.0
frame_1597	-1500.0	-5000.072	0.0
frame_1598	-1500.0	-5000.072	0.0
frame_1599	-1500.0	-5000.072	0.0
frame_1600	-1500.0	-5000.072	0.0
frame_1601	-1500.0	-5000.072	0.0
frame_1602	-1500.0	-5000.073	0.0
frame_1603	-1500.0	-5000.073	0.0
frame_1604	-1500.0	-5000.073	0.0
frame_1605	-1500.0	-5000.072	0.0
frame_1606	-1500.0	-5000.072	0.0
frame_1607	-1500.0	-5000.073	0.0
frame_1608	-1500.0	-5000.073	0.0
frame_1609	-1500.0	-5000.073	0.0
frame_1610	-1500.0	-5000.073	0.0
frame_1611	-1500.0	-5000.073	0.0
frame_1612	-1500.0	-5000.073	0.0
frame_1613	-1500.0	-5000.073	0.0
frame_1614	-1500.0	-5000.073	0.0
frame_1615	-1500.0	-5000.072	0.0
frame_1616	-1500.0	-5000.072	0.0
frame_1617	-1500.0	-5000.072	0.0
frame_1618	-1500.0	-5000.072	0.0
frame_1619	-1500.0	-5000.072	0.0
frame_1620	-1500.0	-5000.072	0.0
frame_1621	-1500.0	-5000.072	0.0
frame_1622	-1500.0	-5000.072	0.0
frame_1623	-1500.0	-5000.072	0.0
frame_1624	-1500.0	-5000.072	0.0
frame_1625	-1500.0	-5000.072	0.0
frame_1626	-1500.0	-5000.071	0.0
frame_1627	-1500.0	-5000.071	0.0
frame_1628	-1500.0	-5000.071	0.0
frame_1629	-1500.0	-5000.071	0.0
frame_1630	-1500.0	-5000.071	0.0
frame_1631	-1500.0	-5000.071	0.0
frame_1632	-1500.0	-5000.071	0.0
frame_1633	-1500.0	-5000.071	0.0
frame_1634	-1500.0	-5000.071	0.0
frame_1635	-1500.0	-5000.071	0.0
frame_1636	-1500.0	-5000.071	0.0
frame_1637	-1500.0	-5000.071	0.0
frame_1638	-1500.0	-5000.071	0.0
frame_1639	-1500.0	-5000.07	0.0
frame_1640	-1500.0	-5000.07	0.0
frame_1641	-1500.0	-5000.07	0.0
frame_1642	-1500.0	-5000.07	0.0
frame_1643	-1500.0	-5000.0689999999995	0.0
frame_1644	-1500.0	-5000.0689999999995	0.0
frame_1645	-1500.0	-5000.0689999999995	0.0
frame_1646	-1500.0	-5000.0689999999995	0.0
frame_1647	-1500.0	-5000.07	0.0
frame_1648	-1500.0	-5000.07	0.0
frame_1649	-1500.0	-5000.07	0.0
frame_1650	-1500.0	-5000.07	0.0
frame_1651	-1500.0	-5000.07	0.0
frame_1652	-1500.0	-5000.07	0.0
frame_1653	-1500.0	-5000.07	0.0
frame_1654	-1500.0	-5000.071	0.0
frame_1655	-1500.0	-5000.071	0.0
frame_1656	-1500.0	-5000.071	0.0
frame_1657	-1500.0	-5000.071	0.0
frame_1658	-1500.0	-5000.071	0.0
frame_1659	-1500.0	-5000.071	0.0
frame_1660	-1500.0	-5000.072	0.0
frame_1661	-1500.0	-5000.072	0.0
frame_1662	-1500.0	-5000.072	0.0
frame_1663	-1500.0	-5000.072	0.0
frame_1664	-1500.0	-5000.072	0.0
frame_1665	-1500.0	-5000.072	0.0
frame_1666	-1500.0	-5000.072	0.0
frame_1667	-1500.0	-5000.072	0.0
frame_1668	-1500.0	-5000.072	0.0
frame_1669	-1500.0	-5000.072	0.0
frame_1670	-1500.0	-5000.072	0.0
frame_1671	-1500.0	-5000.072	0.0
frame_1672	-1500.0	-5000.072	0.0
frame_1673	-1500.0	-5000.072	0.0
frame_1674	-1500.0	-5000.072	0.0
frame_1675	-1500.0	-5000.072	0.0
frame_1676	-1500.0	-5000.072	0.0
frame_1677	-1500.0	-5000.072	0.0
frame_1678	-1500.0	-5000.072	0.0
frame_1679	-1500.0	-5000.072	0.0
frame_1680	-1500.0	-5000.072	0.0
frame_1681	-1500.0	-5000.072	0.0
frame_1682	-1500.0	-5000.072	0.0
frame_1683	-1500.0	-5000.072	0.0
frame_1684	-1500.0	-5000.072	0.0
frame_1685	-1500.0	-5000.072	0.0
frame_1686	-1500.0	-5000.071	0.0
frame_1687	-1500.0	-5000.071	0.0
frame_1688	-1500.0	-5000.071	0.0
frame_1689	-1500.0	-5000.071	0.0
frame_1690	-1500.0	-5000.071	0.0
frame_1691	-1500.0	-5000.072	0.0
frame_1692	-1500.0	-5000.072	0.0
frame_1693	-1500.0	-5000.072	0.0
frame_1694	-1500.0	-5000.072	0.0
frame_1695	-1500.0	-5000.072	0.0
frame_1696	-1500.0	-5000.072	0.0
frame_1697	-1500.0	-5000.072	0.0
frame_1698	-1500.0	-5000.072	0.0
frame_1699	-1500.0	-5000.072	0.0
frame_1700	-1500.0	-5000.072	0.0
frame_1701	-1500.0	-5000.072	0.0
frame_1702	-1500.0	-5000.072	0.0
frame_1703	-1500.0	-5000.073	0.0
frame_1704	-1500.0	-5000.073	0.0
frame_1705	-1500.0	-5000.073	0.0
frame_1706	-1500.0	-5000.073	0.0
frame_1707	-1500.0	-5000.073	0.0
frame_1708	-1500.0	-5000.074	0.0
frame_1709	-1500.0	-5000.074	0.0
frame_1710	-1500.0	-5000.073	0.0
frame_1711	-1500.0	-5000.073	0.0
frame_1712	-1500.0	-5000.073	0.0
frame_1713	-1500.0	-5000.073	0.0
frame_1714	-1500.0	-5000.074	0.0
frame_1715	-1500.0	-5000.074	0.0
frame_1716	-1500.0	-5000.074	0.0
frame_1717	-1500.0	-5000.074	0.0
frame_1718	-1500.0	-5000.074	0.0
frame_1719	-1500.0	-5000.074	0.0
frame_1720	-1500.0	-5000.074	0.0
frame_1721	-1500.0	-5000.074	0.0
frame_1722	-1500.0	-5000.074	0.0
frame_1723	-1500.0	-5000.074	0.0
frame_1724	-1500.0	-5000.074	0.0
frame_1725	-1500.0	-5000.074	0.0
frame_1726	-1500.0	-5000.074	0.0
frame_1727	-1500.0	-5000.075	0.0
frame_1728	-1500.0	-5000.075	0.0
frame_1729	-1500.0	-5000.075	0.0
frame_1730	-1500.0	-5000.075	0.0
frame_1731	-1500.0	-5000.075	0.0
frame_1732	-1500.0	-5000.075	0.0
frame_1733	-1500.0	-5000.075	0.0
frame_1734	-1500.0	-5000.075	0.0
frame_1735	-1500.0	-5000.075	0.0
frame_1736	-1500.0	-5000.075	0.0
frame_1737	-1500.0	-5000.076	0.0
frame_1738	-1500.0	-5000.076	0.0
frame_1739	-1500.0	-5000.077	0.0
frame_1740	-1500.0	-5000.077	0.0
frame_1741	-1500.0	-5000.077	0.0
frame_1742	-1500.0	-5000.077	0.0
frame_1743	-1500.0	-5000.077	0.0
frame_1744	-1500.0	-5000.076	0.0
frame_1745	-1500.0	-5000.076	0.0
frame_1746	-1500.0	-5000.076	0.0
frame_1747	-1500.0	-5000.076	0.0
frame_1748	-1500.0	-5000.076	0.0
frame_1749	-1500.0	-5000.076	0.0
frame_1750	-1500.0	-5000.076	0.0
frame_1751	-1500.0	-5000.076	0.0
frame_1752	-1500.0	-5000.075	0.0
frame_1753	-1500.0	-5000.075	0.0
frame_1754	-1500.0	-5000.075	0.0
frame_1755	-1500.0	-5000.075	0.0
frame_1756	-1500.0	-5000.075	0.0
frame_1757	-1500.0	-5000.075	0.0
frame_1758	-1500.0	-5000.075	0.0
frame_1759	-1500.0	-5000.075	0.0
frame_1760	-1500.0	-5000.075	0.0
frame_1761	-1500.0	-5000.076	0.0
frame_1762	-1500.0	-5000.076	0.0
frame_1763	-1500.0	-5000.077	0.0
frame_1764	-1500.0	-5000.077	0.0
frame_1765	-1500.0	-5000.078	0.0
frame_1766	-1500.0	-5000.078	0.0
frame_1767	-1500.0	-5000.078	0.0
frame_1768	-1500.0	-5000.078	0.0
frame_1769	-1500.0	-5000.079000000001	0.0
frame_1770	-1500.0	-5000.079000000001	0.0
frame_1771	-1500.0	-5000.079000000001	0.0
frame_1772	-1500.0	-5000.079000000001	0.0
frame_1773	-1500.0	-5000.079000000001	0.0
frame_1774	-1500.0	-5000.079000000001	0.0
frame_1775	-1500.0	-5000.079000000001	0.0
frame_1776	-1500.0	-5000.079000000001	0.0
frame_1777	-1500.0	-5000.079000000001	0.0
frame_1778	-1500.0	-5000.079000000001	0.0
frame_1779	-1500.0	-5000.079000000001	0.0
frame_1780	-1500.0	-5000.079000000001	0.0
frame_1781	-1500.0	-5000.079000000001	0.0
frame_1782	-1500.0	-5000.079000000001	0.0
frame_1783	-1500.0	-5000.079000000001	0.0
frame_1784	-1500.0	-5000.079000000001	0.0
frame_1785	-1500.0	-5000.079000000001	0.0
frame_1786	-1500.0	-5000.079000000001	0.0
frame_1787	-1500.0	-5000.079000000001	0.0
frame_1788	-1500.0	-5000.08	0.0
frame_1789	-1500.0	-5000.08	0.0
frame_1790	-1500.0	-5000.08	0.0
frame_1791	-1500.0	-5000.08	0.0
frame_1792	-1500.0	-5000.08	0.0
frame_1793	-1500.0	-5000.08	0.0
frame_1794	-1500.0	-5000.08	0.0
frame_1795	-1500.0	-5000.08	0.0
frame_1796	-1500.0	-5000.08	0.0
frame_1797	-1500.0	-5000.08	0.0
frame_1798	-1500.0	-5000.08	0.0
frame_1799	-1500.0	-5000.081	0.0
frame_1800	-1500.0	-5000.081	0.0
frame_1801	-1500.0	-5000.08	0.0
frame_1802	-1500.0	-5000.08	0.0
frame_1803	-1500.0	-5000.081	0.0
frame_1804	-1500.0	-5000.081	0.0
frame_1805	-1500.0	-5000.081	0.0
frame_1806	-1500.0	-5000.081	0.0
frame_1807	-1500.0	-5000.081	0.0
frame_1808	-1500.0	-5000.081	0.0
frame_1809	-1500.0	-5000.081	0.0
frame_1810	-1500.0	-5000.082	0.0
frame_1811	-1500.0	-5000.082	0.0
frame_1812	-1500.0	-5000.082	0.0
frame_1813	-1500.0	-5000.082	0.0
frame_1814	-1500.0	-5000.082	0.0
frame_1815	-1500.0	-5000.082	0.0
frame_1816	-1500.0	-5000.082	0.0
frame_1817	-1500.0	-5000.082	0.0
frame_1818	-1500.0	-5000.082	0.0
frame_1819	-1500.0	-5000.082	0.0
frame_1820	-1500.0	-5000.083	0.0
frame_1821	-1500.0	-5000.083	0.0
frame_1822	-1500.0	-5000.083	0.0
frame_1823	-1500.0	-5000.082	0.0
frame_1824	-1500.0	-5000.082	0.0
frame_1825	-1500.0	-5000.082	0.0
frame_1826	-1500.0	-5000.082	0.0
frame_1827	-1500.0	-5000.081	0.0
frame_1828	-1500.0	-5000.081	0.0
frame_1829	-1500.0	-5000.082	0.0
frame_1830	-1500.0	-5000.082	0.0
frame_1831	-1500.0	-5000.082	0.0
frame_1832	-1500.0	-5000.082	0.0
frame_1833	-1500.0	-5000.082	0.0
frame_1834	-1500.0	-5000.082	0.0
frame_1835	-1500.0	-5000.083	0.0
frame_1836	-1500.0	-5000.083	0.0
frame_1837	-1500.0	-5000.082	0.0
frame_1838	-1500.0	-5000.082	0.0
frame_1839	-1500.0	-5000.082	0.0
frame_1840	-1500.0	-5000.083	0.0
frame_1841	-1500.0	-5000.083	0.0
frame_1842	-1500.0	-5000.083	0.0
frame_1843	-1500.0	-5000.083	0.0
frame_1844	-1500.0	-5000.084	0.0
frame_1845	-1500.0	-5000.084	0.0
frame_1846	-1500.0	-5000.084	0.0
frame_1847	-1500.0	-5000.084	0.0
frame_1848	-1500.0	-5000.084	0.0
frame_1849	-1500.0	-5000.084	0.0
frame_1850	-1500.0	-5000.084	0.0
frame_1851	-1500.0	-5000.084	0.0
frame_1852	-1500.0	-5000.084	0.0
frame_1853	-1500.0	-5000.084	0.0
frame_1854	-1500.0	-5000.084	0.0
frame_1855	-1500.0	-5000.084	0.0
frame_1856	-1500.0	-5000.084	0.0
frame_1857	-1500.0	-5000.085	0.0
frame_1858	-1500.0	-5000.085	0.0
frame_1859	-1500.0	-5000.085	0.0
frame_1860	-1500.0	-5000.085	0.0
frame_1861	-1500.0	-5000.085999999999	0.0
frame_1862	-1500.0	-5000.085999999999	0.0
frame_1863	-1500.0	-5000.085	0.0
frame_1864	-1500.0	-5000.085	0.0
frame_1865	-1500.0	-5000.085	0.0
frame_1866	-1500.0	-5000.085	0.0
frame_1867	-1500.0	-5000.085	0.0
frame_1868	-1500.0	-5000.085	0.0
frame_1869	-1500.0	-5000.085	0.0
frame_1870	-1500.0	-5000.085	0.0
frame_1871	-1500.0	-5000.085	0.0
frame_1872	-1500.0	-5000.085999999999	0.0
frame_1873	-1500.0	-5000.085999999999	0.0
frame_1874	-1500.0	-5000.085999999999	0.0
frame_1875	-1500.0	-5000.085999999999	0.0
frame_1876	-1500.0	-5000.0869999999995	0.0
frame_1877	-1500.0	-5000.0869999999995	0.0
frame_1878	-1500.0	-5000.0869999999995	0.0
frame_1879	-1500.0	-5000.0869999999995	0.0
frame_1880	-1500.0	-5000.088	0.0
frame_1881	-1500.0	-5000.088	0.0
frame_1882	-1500.0	-5000.088	0.0
frame_1883	-1500.0	-5000.088	0.0
frame_1884	-1500.0	-5000.088	0.0
frame_1885	-1500.0	-5000.088	0.0
frame_1886	-1500.0	-5000.088	0.0
frame_1887	-1500.0	-5000.088	0.0
frame_1888	-1500.0	-5000.088	0.0
frame_1889	-1500.0	-5000.088	0.0
frame_1890	-1500.0	-5000.088	0.0
frame_1891	-1500.0	-5000.0869999999995	0.0
frame_1892	-1500.0	-5000.0869999999995	0.0
frame_1893	-1500.0	-5000.0869999999995	0.0
frame_1894	-1500.0	-5000.0869999999995	0.0
frame_1895	-1500.0	-5000.0869999999995	0.0
frame_1896	-1500.0	-5000.0869999999995	0.0
frame_1897	-1500.0	-5000.085999999999	0.0
frame_1898	-1500.0	-5000.085999999999	0.0
frame_1899	-1500.0	-5000.085999999999	0.0
frame_1900	-1500.0	-5000.088	0.0
frame_1901	-1500.0	-5000.088	0.0
frame_1902	-1500.0	-5000.0869999999995	0.0
frame_1903	-1500.0	-5000.0869999999995	0.0
frame_1904	-1500.0	-5000.0869999999995	0.0
frame_1905	-1500.0	-5000.0869999999995	0.0
frame_1906	-1500.0	-5000.0869999999995	0.0
frame_1907	-1500.0	-5000.0869999999995	0.0
frame_1908	-1500.0	-5000.085	0.0
frame_1909	-1500.0	-5000.085	0.0
frame_1910	-1460.0	-5000.0	0.0
frame_1911	-1359.9999999999998	-5000.0	0.0
frame_1912	-1259.9999999999998	-5000.0	0.0
frame_1913	-1159.9999999999998	-5000.0	0.0
frame_1914	-1059.9999999999995	-5000.001	0.0
frame_1915	-959.9999999999995	-5000.001	0.0
frame_1916	-859.9999999999994	-5000.001	0.0
frame_1917	-759.9999999999993	-5000.001	0.0
frame_1918	-659.9999999999992	-5000.001	0.0
frame_1919	-559.9999999999992	-5000.001	0.0
frame_1920	-459.9999999999991	-5000.001	0.0
frame_1921	-359.999999999999	-5000.001	0.0
frame_1922	-259.9999999999989	-5000.001	0.0
frame_1923	-159.99999999999895	-5000.001	0.0
frame_1924	-59.99999999999894	-5000.001	0.0
frame_1925	-0.0	-5000.001	-0.0
frame_1926	-0.0	-5000.001	-0.0
frame_1927	-0.0	-5000.001	0.0
frame_1928	-0.0	-5000.001	0.0
frame_1929	-0.0	-5000.001	0.0
frame_1930	-0.0	-5000.001	0.0
frame_1931	-0.0	-5000.001	0.0
frame_1932	-0.0	-5000.001	0.0
frame_1933	-0.0	-5000.001	0.0
frame_1934	-0.0	-5000.001	0.0
frame_1935	-0.0	-5000.001	0.0
frame_1936	-0.0	-5000.0	0.0
frame_1937	-0.0	-5000.0	0.0
frame_1938	-0.0	-5000.0	-0.0
frame_1939	-0.0	-5000.0	-0.0
frame_1940	-0.0	-5000.001	0.0
frame_1941	-0.0	-5000.001	0.0
frame_1942	-0.0	-5000.002	0.0
frame_1943	-0.0	-5000.002	0.0
frame_1944	-0.0	-5000.002	0.0
frame_1945	-0.0	-5000.002	0.0
frame_1946	-0.0	-5000.002	0.0
frame_1947	-0.0	-5000.002	0.0
frame_1948	-0.0	-5000.002	0.0
frame_1949	-0.0	-5000.003000000001	0.0
frame_1950	-0.0	-5000.003000000001	0.0
frame_1951	-0.0	-5000.003000000001	0.0
frame_1952	-0.0	-5000.003000000001	0.0
frame_1953	-0.0	-5000.003000000001	0.0
frame_1954	-0.0	-5000.003000000001	0.0
frame_1955	-0.0	-5000.002	0.0
frame_1956	-0.0	-5000.002	0.0
frame_1957	-0.0	-5000.002	-0.0
frame_1958	-0.0	-5000.002	-0.0
frame_1959	-0.0	-5000.002	-0.0
frame_1960	-0.0	-5000.002	-0.0
frame_1961	-0.0	-5000.002	-0.0
frame_1962	-0.0	-5000.002	0.0
frame_1963	-0.0	-5000.002	0.0
frame_1964	-0.0	-5000.002	0.0
frame_1965	-0.0	-5000.002	0.0
frame_1966	-0.0	-5000.002	0.0
frame_1967	-0.0	-5000.002	0.0
frame_1968	-0.0	-5000.002	0.0
frame_1969	-0.0	-5000.002	0.0
frame_1970	-0.0	-5000.003000000001	0.0
frame_1971	-0.0	-5000.003000000001	0.0
