frame_0	0.01	-5000.006	0.0
frame_1	0.01	-5000.006	0.0
frame_2	0.01	-5000.006	0.0
frame_3	0.0	-5000.006	0.0
frame_4	0.0	-5000.006	0.0
frame_5	0.0	-5000.006	0.0
frame_6	0.0	-5000.006	0.0
frame_7	0.0	-5000.0070000000005	0.0
frame_8	0.0	-5000.0070000000005	0.0
frame_9	0.0	-5000.0070000000005	0.0
frame_10	0.0	-5000.0070000000005	0.0
frame_11	0.0	-5000.0070000000005	0.0
frame_12	0.0	-5000.0070000000005	0.0
frame_13	0.0	-5000.008	0.0
frame_14	0.0	-5000.008	0.0
frame_15	0.0	-5000.008	0.0
frame_16	0.0	-5000.008	0.0
frame_17	0.0	-5000.008	0.0
frame_18	0.0	-5000.008	0.0
frame_19	0.0	-5000.008	0.0
frame_20	0.01	-5000.008	0.0
frame_21	0.01	-5000.008	0.0
frame_22	0.01	-5000.0070000000005	0.0
frame_23	0.01	-5000.0070000000005	0.0
frame_24	0.0	-5000.006	0.0
frame_25	0.0	-5000.006	0.0
frame_26	0.0	-5000.006	0.0
frame_27	0.0	-5000.006	0.0
frame_28	0.0	-5000.006	0.0
frame_29	0.0	-5000.006	0.0
frame_30	0.0	-5000.006	0.0
frame_31	0.0	-5000.006	0.0
frame_32	0.0	-5000.006	0.0
frame_33	0.0	-5000.006	0.0
frame_34	0.0	-5000.006	0.0
frame_35	0.0	-5000.0070000000005	0.0
frame_36	0.0	-5000.0070000000005	0.0
frame_37	0.0	-5000.0070000000005	0.0
frame_38	0.0	-5000.0070000000005	0.0
frame_39	0.0	-5000.0070000000005	0.0
frame_40	0.0	-5000.0070000000005	0.0
frame_41	0.0	-5000.0070000000005	0.0
frame_42	0.0	-5000.0070000000005	0.0
frame_43	0.0	-5000.0070000000005	0.0
frame_44	0.0	-5000.0070000000005	0.0
frame_45	0.0	-5000.0070000000005	0.0
frame_46	0.0	-5000.0070000000005	0.0
frame_47	0.0	-5000.0070000000005	0.0
frame_48	0.0	-5000.008	0.0
frame_49	0.0	-5000.008	0.0
frame_50	0.0	-5000.008	0.0
frame_51	0.0	-5000.008	0.0
frame_52	0.0	-5000.008	0.0
frame_53	0.0	-5000.008	0.0
frame_54	0.0	-5000.0070000000005	0.0
frame_55	0.0	-5000.0070000000005	0.0
frame_56	0.0	-5000.008	0.0
frame_57	0.0	-5000.008	0.0
frame_58	-0.0	-5000.008	-40.0
frame_59	-0.0	-5000.008	-140.0
frame_60	-0.0	-5000.008	-239.99999999999997
frame_61	-0.0	-5000.008	-340.0
frame_62	-0.0	-5000.008	-440.0000000000001
frame_63	-0.0	-5000.008	-540.0000000000001
frame_64	-0.0	-5000.008	-640.0000000000002
frame_65	-0.0	-5000.009	-740.0000000000003
frame_66	-0.0	-5000.009	-840.0000000000005
frame_67	-0.0	-5000.009	-940.0000000000005
frame_68	0.0	-5000.009	-1000.0
frame_69	0.0	-5000.009999999999	-1000.0
frame_70	0.0	-5000.009999999999	-1000.0
frame_71	0.0	-5000.009	-1000.0
frame_72	0.0	-5000.009	-1000.0
frame_73	0.0	-5000.008	-1000.0
frame_74	0.0	-5000.008	-1000.0
frame_75	0.0	-5000.0070000000005	-1000.0
frame_76	0.0	-5000.0070000000005	-1000.0
frame_77	0.0	-5000.008	-1000.0
frame_78	0.0	-5000.008	-1000.0
frame_79	0.0	-5000.008	-1000.0
frame_80	0.0	-5000.0070000000005	-1000.0
frame_81	0.0	-5000.0070000000005	-1000.0
frame_82	0.0	-5000.008	-1000.0
frame_83	0.0	-5000.008	-1000.0
frame_84	0.0	-5000.008	-1000.0
frame_85	0.0	-5000.008	-1000.0
frame_86	0.0	-5000.009	-1000.0
frame_87	0.0	-5000.009	-1000.0
frame_88	0.0	-5000.009999999999	-1000.0
frame_89	0.0	-5000.009999999999	-1000.0
frame_90	0.0	-5000.009	-1000.0
frame_91	0.0	-5000.009	-1000.0
frame_92	0.0	-5000.009	-1000.0
frame_93	0.0	-5000.009999999999	-1000.0
frame_94	0.0	-5000.009999999999	-1000.0
frame_95	0.0	-5000.009999999999	-1000.0
frame_96	0.0	-5000.009999999999	-1000.0
frame_97	0.0	-5000.008	-1000.0
frame_98	0.0	-5000.008	-1000.0
frame_99	0.0	-5000.008	-1000.0
frame_100	0.0	-5000.008	-1000.0
frame_101	0.0	-5000.008	-1000.0
frame_102	0.0	-5000.008	-1000.0
frame_103	0.0	-5000.008	-1000.0
frame_104	0.0	-5000.008	-1000.0
frame_105	0.0	-5000.008	-1000.0
frame_106	0.0	-5000.008	-1000.0
frame_107	0.0	-5000.008	-1000.0
frame_108	0.0	-5000.008	-1000.0
frame_109	0.0	-5000.0070000000005	-1000.0
frame_110	0.0	-5000.0070000000005	-1000.0
frame_111	0.0	-5000.0070000000005	-1000.0
frame_112	0.0	-5000.008	-1000.0
frame_113	0.0	-5000.008	-1000.0
frame_114	0.0	-5000.008	-1000.0
frame_115	0.0	-5000.008	-1000.0
frame_116	0.0	-5000.008	-1000.0
frame_117	0.0	-5000.008	-1000.0
frame_118	0.0	-5000.008	-1000.0
frame_119	0.0	-5000.008	-1000.0
frame_120	0.0	-5000.008	-1000.0
frame_121	0.0	-5000.008	-1000.0
frame_122	0.0	-5000.008	-1000.0
frame_123	0.0	-5000.008	-1000.0
frame_124	0.0	-5000.008	-1000.0
frame_125	0.0	-5000.008	-1000.0
frame_126	0.0	-5000.008	-1000.0
frame_127	0.0	-5000.008	-1000.0
frame_128	0.0	-5000.008	-1000.0
frame_129	0.0	-5000.008	-1000.0
frame_130	0.0	-5000.008	-1000.0
frame_131	0.0	-5000.0070000000005	-1000.0
frame_132	0.0	-5000.0070000000005	-1000.0
frame_133	0.0	-5000.0070000000005	-1000.0
frame_134	0.0	-5000.0070000000005	-1000.0
frame_135	0.0	-5000.0070000000005	-1000.0
frame_136	0.0	-5000.0070000000005	-1000.0
frame_137	0.0	-5000.0070000000005	-1000.0
frame_138	0.0	-5000.0070000000005	-1000.0
frame_139	0.0	-5000.0070000000005	-1000.0
frame_140	0.0	-5000.0070000000005	-1000.0
frame_141	0.0	-5000.0070000000005	-1000.0
frame_142	0.0	-5000.008	-1000.0
frame_143	0.0	-5000.008	-1000.0
frame_144	0.0	-5000.008	-1000.0
frame_145	0.0	-5000.008	-1000.0
frame_146	0.0	-5000.008	-1000.0
frame_147	0.0	-5000.008	-1000.0
frame_148	0.0	-5000.008	-1000.0
frame_149	0.0	-5000.008	-1000.0
frame_150	0.0	-5000.008	-1000.0
frame_151	0.0	-5000.008	-1000.0
frame_152	0.0	-5000.008	-1000.0
frame_153	0.0	-5000.008	-1000.0
frame_154	0.0	-5000.0070000000005	-1000.0
frame_155	0.0	-5000.0070000000005	-1000.0
frame_156	0.0	-5000.0070000000005	-1000.0
frame_157	0.0	-5000.008	-1000.0
frame_158	0.0	-5000.008	-1000.0
frame_159	0.0	-5000.009	-1000.0
frame_160	0.0	-5000.009	-1000.0
frame_161	0.0	-5000.009	-1000.0
frame_162	0.0	-5000.009	-1000.0
frame_163	0.0	-5000.009	-1000.0
frame_164	0.0	-5000.009	-1000.0
frame_165	0.0	-5000.008	-1000.0
frame_166	0.0	-5000.008	-1000.0
frame_167	0.0	-5000.008	-1000.0
frame_168	0.0	-5000.008	-1000.0
frame_169	0.0	-5000.008	-1000.0
frame_170	0.0	-5000.008	-1000.0
frame_171	0.0	-5000.008	-1000.0
frame_172	0.0	-5000.009	-1000.0
frame_173	0.0	-5000.009	-1000.0
frame_174	0.0	-5000.0070000000005	-1000.0
frame_175	0.0	-5000.0070000000005	-1000.0
frame_176	0.0	-5000.0070000000005	-1000.0
frame_177	0.0	-5000.0070000000005	-1000.0
frame_178	0.0	-5000.008	-1000.0
frame_179	0.0	-5000.008	-1000.0
frame_180	0.0	-5000.008	-1000.0
frame_181	0.0	-5000.008	-1000.0
frame_182	0.0	-5000.008	-1000.0
frame_183	0.0	-5000.008	-1000.0
frame_184	0.0	-5000.008	-1000.0
frame_185	0.0	-5000.008	-1000.0
frame_186	0.0	-5000.008	-1000.0
frame_187	0.0	-5000.008	-1000.0
frame_188	0.0	-5000.008	-1000.0
frame_189	0.0	-5000.008	-1000.0
frame_190	0.0	-5000.008	-1000.0
frame_191	0.0	-5000.009	-1000.0
frame_192	0.0	-5000.009	-1000.0
frame_193	0.0	-5000.009	-1000.0
frame_194	0.0	-5000.009	-1000.0
frame_195	0.0	-5000.009	-1000.0
frame_196	0.0	-5000.009	-1000.0
frame_197	0.0	-5000.009	-1000.0
frame_198	0.0	-5000.009	-1000.0
frame_199	0.0	-5000.009	-1000.0
frame_200	0.0	-5000.009	-1000.0
frame_201	0.0	-5000.009	-1000.0
frame_202	0.0	-5000.009	-1000.0
frame_203	0.0	-5000.009	-1000.0
frame_204	0.0	-5000.008	-1000.0
frame_205	0.0	-5000.008	-1000.0
frame_206	0.0	-5000.008	-1000.0
frame_207	0.0	-5000.008	-1000.0
frame_208	0.0	-5000.008	-1000.0
frame_209	0.0	-5000.008	-1000.0
frame_210	0.0	-5000.0070000000005	-1000.0
frame_211	0.0	-5000.0070000000005	-1000.0
frame_212	0.0	-5000.0070000000005	-1000.0
frame_213	0.0	-5000.006	-1000.0
frame_214	0.0	-5000.006	-1000.0
frame_215	0.0	-5000.006	-1000.0
frame_216	0.0	-5000.006	-1000.0
frame_217	0.0	-5000.0070000000005	-1000.0
frame_218	0.0	-5000.0070000000005	-1000.0
frame_219	0.0	-5000.0070000000005	-1000.0
frame_220	0.0	-5000.0070000000005	-1000.0
frame_221	0.0	-5000.0070000000005	-1000.0
frame_222	0.0	-5000.0070000000005	-1000.0
frame_223	0.0	-5000.0070000000005	-1000.0
frame_224	0.0	-5000.008	-1000.0
frame_225	0.0	-5000.008	-1000.0
frame_226	0.0	-5000.0070000000005	-1000.0
frame_227	0.0	-5000.0070000000005	-1000.0
frame_228	0.0	-5000.008	-1000.0
frame_229	0.0	-5000.008	-1000.0
frame_230	0.0	-5000.008	-1000.0
frame_231	0.0	-5000.008	-1000.0
frame_232	0.0	-5000.008	-1000.0
frame_233	0.0	-5000.008	-1000.0
frame_234	0.0	-5000.009	-1000.0
frame_235	0.0	-5000.009	-1000.0
frame_236	0.0	-5000.009	-1000.0
frame_237	0.0	-5000.009	-1000.0
frame_238	0.0	-5000.009	-1000.0
frame_239	0.0	-5000.009	-1000.0
frame_240	0.0	-5000.009	-1000.0
frame_241	0.0	-5000.009	-1000.0
frame_242	0.0	-5000.009	-1000.0
frame_243	0.0	-5000.009	-1000.0
frame_244	0.0	-5000.009	-1000.0
frame_245	0.0	-5000.008	-1000.0
frame_246	0.0	-5000.008	-1000.0
frame_247	0.0	-5000.008	-1000.0
frame_248	0.0	-5000.008	-1000.0
frame_249	0.0	-5000.008	-1000.0
frame_250	0.0	-5000.008	-1000.0
frame_251	0.0	-5000.008	-1000.0
frame_252	0.0	-5000.008	-1000.0
frame_253	0.0	-5000.0070000000005	-1000.0
frame_254	0.0	-5000.0070000000005	-1000.0
frame_255	0.0	-5000.0070000000005	-1000.0
frame_256	0.0	-5000.0070000000005	-1000.0
frame_257	0.0	-5000.0070000000005	-1000.0
frame_258	0.0	-5000.008	-1000.0
frame_259	0.0	-5000.008	-1000.0
frame_260	0.0	-5000.008	-1000.0
frame_261	0.0	-5000.008	-1000.0
frame_262	0.0	-5000.008	-1000.0
frame_263	0.0	-5000.008	-1000.0
frame_264	0.0	-5000.008	-1000.0
frame_265	0.0	-5000.008	-1000.0
frame_266	0.0	-5000.008	-1000.0
frame_267	0.0	-5000.008	-1000.0
frame_268	0.0	-5000.008	-1000.0
frame_269	0.0	-5000.008	-1000.0
frame_270	0.0	-5000.009	-1000.0
frame_271	0.0	-5000.009	-1000.0
frame_272	0.0	-5000.009	-1000.0
frame_273	0.0	-5000.009	-1000.0
frame_274	0.0	-5000.009	-1000.0
frame_275	0.0	-5000.009	-1000.0
frame_276	0.0	-5000.009	-1000.0
frame_277	0.0	-5000.009	-1000.0
frame_278	0.0	-5000.009	-1000.0
frame_279	0.0	-5000.009999999999	-1000.0
frame_280	0.0	-5000.009999999999	-1000.0
frame_281	0.0	-5000.009999999999	-1000.0
frame_282	0.0	-5000.009999999999	-1000.0
frame_283	0.0	-5000.009999999999	-1000.0
frame_284	0.0	-5000.009999999999	-1000.0
frame_285	0.0	-5000.009999999999	-1000.0
frame_286	0.0	-5000.009999999999	-1000.0
frame_287	0.0	-5000.009999999999	-1000.0
frame_288	0.0	-5000.0109999999995	-1000.0
frame_289	0.0	-5000.0109999999995	-1000.0
frame_290	0.0	-5000.0109999999995	-1000.0
frame_291	0.0	-5000.0109999999995	-1000.0
frame_292	0.0	-5000.0109999999995	-1000.0
frame_293	0.0	-5000.0109999999995	-1000.0
frame_294	0.0	-5000.012	-1000.0
frame_295	0.0	-5000.012	-1000.0
frame_296	0.0	-5000.012	-1000.0
frame_297	0.0	-5000.012	-1000.0
frame_298	0.0	-5000.013	-1000.0
frame_299	0.0	-5000.013	-1000.0
frame_300	0.0	-5000.013	-1000.0
frame_301	0.0	-5000.013	-1000.0
frame_302	0.0	-5000.013	-1000.0
frame_303	0.0	-5000.014	-1000.0
frame_304	0.0	-5000.014	-1000.0
frame_305	0.0	-5000.014	-1000.0
frame_306	0.0	-5000.014	-1000.0
frame_307	0.0	-5000.014	-1000.0
frame_308	0.0	-5000.014	-1000.0
frame_309	0.0	-5000.014	-1000.0
frame_310	0.0	-5000.014	-1000.0
frame_311	0.0	-5000.014	-1000.0
frame_312	0.0	-5000.014	-1000.0
frame_313	0.0	-5000.014	-1000.0
frame_314	0.0	-5000.014	-1000.0
frame_315	0.0	-5000.014	-1000.0
frame_316	0.0	-5000.015	-1000.0
frame_317	0.0	-5000.015	-1000.0
frame_318	0.0	-5000.015	-1000.0
frame_319	0.0	-5000.015	-1000.0
frame_320	0.0	-5000.016	-1000.0
frame_321	0.0	-5000.016	-1000.0
frame_322	0.0	-5000.016	-1000.0
frame_323	0.0	-5000.016	-1000.0
frame_324	0.0	-5000.016	-1000.0
frame_325	0.0	-5000.016	-1000.0
frame_326	0.0	-5000.016	-1000.0
frame_327	0.0	-5000.016	-1000.0
frame_328	0.0	-5000.016	-1000.0
frame_329	0.0	-5000.017	-1000.0
frame_330	0.0	-5000.017	-1000.0
frame_331	0.01	-5000.016	-1000.0
frame_332	0.01	-5000.016	-1000.0
frame_333	0.01	-5000.016	-1000.0
frame_334	0.01	-5000.016	-1000.0
frame_335	0.01	-5000.015	-1000.0
frame_336	0.01	-5000.015	-1000.0
frame_337	0.01	-5000.016	-1000.0
frame_338	0.01	-5000.016	-1000.0
frame_339	0.0	-5000.015	-1000.0
frame_340	0.0	-5000.015	-1000.0
frame_341	0.0	-5000.015	-1000.0
frame_342	0.0	-5000.015	-1000.0
frame_343	0.0	-5000.015	-1000.0
frame_344	0.0	-5000.014	-1000.0
frame_345	0.0	-5000.014	-1000.0
frame_346	0.0	-5000.014	-1000.0
frame_347	0.0	-5000.014	-1000.0
frame_348	0.0	-5000.013	-1000.0
frame_349	0.0	-5000.013	-1000.0
frame_350	0.0	-5000.014	-1000.0
frame_351	0.0	-5000.014	-1000.0
frame_352	-0.0	-5000.014	-940.0
frame_353	-0.0	-5000.014	-839.9999999999999
frame_354	-0.0	-5000.014	-739.9999999999998
frame_355	-0.0	-5000.014	-639.9999999999997
frame_356	-0.0	-5000.015	-539.9999999999995
frame_357	-0.0	-5000.015	-439.9999999999995
frame_358	-0.0	-5000.015	-339.99999999999943
frame_359	-0.0	-5000.015	-239.99999999999935
frame_360	-0.0	-5000.015	-139.9999999999994
frame_361	-0.0	-5000.015	-39.99999999999938
frame_362	-0.0	-5000.015	60.000000000000625
frame_363	-0.0	-5000.016	160.00000000000063
frame_364	-0.0	-5000.016	260.00000000000057
frame_365	-0.0	-5000.017	360.0000000000006
frame_366	-0.0	-5000.017	460.00000000000074
frame_367	-0.0	-5000.017	560.0000000000008
frame_368	-0.0	-5000.017	660.0000000000009
frame_369	-0.0	-5000.018	760.000000000001
frame_370	-0.0	-5000.018	860.0000000000011
frame_371	-0.0	-5000.018	960.0000000000011
frame_372	0.0	-5000.018	1000.0
frame_373	0.0	-5000.018	1000.0
frame_374	0.0	-5000.018	1000.0
frame_375	0.0	-5000.019	1000.0
frame_376	0.0	-5000.019	1000.0
frame_377	0.0	-5000.019	1000.0
frame_378	0.0	-5000.019	1000.0
frame_379	0.0	-5000.019	1000.0
frame_380	0.0	-5000.019	1000.0
frame_381	0.0	-5000.019	1000.0
frame_382	0.0	-5000.019	1000.0
frame_383	0.0	-5000.019	1000.0
frame_384	0.0	-5000.019	1000.0
frame_385	0.0	-5000.019	1000.0
frame_386	0.0	-5000.019	1000.0
frame_387	0.0	-5000.019	1000.0
frame_388	0.0	-5000.019	1000.0
frame_389	0.0	-5000.019	1000.0
frame_390	0.0	-5000.018	1000.0
frame_391	0.0	-5000.018	1000.0
frame_392	0.0	-5000.018	1000.0
frame_393	0.0	-5000.018	1000.0
frame_394	0.0	-5000.018	1000.0
frame_395	0.0	-5000.018	1000.0
frame_396	0.0	-5000.018	1000.0
frame_397	0.0	-5000.018	1000.0
frame_398	0.0	-5000.018	1000.0
frame_399	0.0	-5000.018	1000.0
frame_400	0.0	-5000.018	1000.0
frame_401	0.0	-5000.018	1000.0
frame_402	0.0	-5000.018	1000.0
frame_403	0.0	-5000.018	1000.0
frame_404	0.0	-5000.018	1000.0
frame_405	0.0	-5000.018	1000.0
frame_406	0.0	-5000.018	1000.0
frame_407	0.0	-5000.018	1000.0
frame_408	0.0	-5000.018	1000.0
frame_409	0.0	-5000.018	1000.0
frame_410	0.0	-5000.018	1000.0
frame_411	0.0	-5000.018	1000.0
frame_412	0.0	-5000.017	1000.0
frame_413	0.0	-5000.017	1000.0
frame_414	0.0	-5000.018	1000.0
frame_415	0.0	-5000.018	1000.0
frame_416	0.0	-5000.018	1000.0
frame_417	0.0	-5000.018	1000.0
frame_418	0.0	-5000.018	1000.0
frame_419	0.0	-5000.018	1000.0
frame_420	0.0	-5000.018	1000.0
frame_421	0.0	-5000.018	1000.0
frame_422	0.0	-5000.018	1000.0
frame_423	0.0	-5000.018	1000.0
frame_424	0.0	-5000.017	1000.0
frame_425	0.0	-5000.017	1000.0
frame_426	0.0	-5000.017	1000.0
frame_427	0.0	-5000.017	1000.0
frame_428	0.0	-5000.017	1000.0
frame_429	0.0	-5000.018	1000.0
frame_430	0.0	-5000.018	1000.0
frame_431	0.0	-5000.018	1000.0
frame_432	0.0	-5000.018	1000.0
frame_433	0.0	-5000.017	1000.0
frame_434	0.0	-5000.017	1000.0
frame_435	0.0	-5000.017	1000.0
frame_436	0.0	-5000.017	1000.0
frame_437	0.0	-5000.017	1000.0
frame_438	0.0	-5000.017	1000.0
frame_439	0.0	-5000.018	1000.0
frame_440	0.0	-5000.018	1000.0
frame_441	0.0	-5000.019	1000.0
frame_442	0.0	-5000.019	1000.0
frame_443	0.0	-5000.019	1000.0
frame_444	0.0	-5000.019	1000.0
frame_445	0.0	-5000.019	1000.0
frame_446	0.0	-5000.019	1000.0
frame_447	0.0	-5000.019	1000.0
frame_448	0.0	-5000.019	1000.0
frame_449	0.0	-5000.019	1000.0
frame_450	0.0	-5000.019	1000.0
frame_451	0.0	-5000.019	1000.0
frame_452	0.0	-5000.019	1000.0
frame_453	0.0	-5000.019	1000.0
frame_454	0.0	-5000.019	1000.0
frame_455	0.0	-5000.019	1000.0
frame_456	0.0	-5000.019	1000.0
frame_457	0.0	-5000.019	1000.0
frame_458	0.0	-5000.018	1000.0
frame_459	0.0	-5000.018	1000.0
frame_460	0.0	-5000.018	1000.0
frame_461	0.0	-5000.018	1000.0
frame_462	0.0	-5000.018	1000.0
frame_463	0.0	-5000.018	1000.0
frame_464	0.0	-5000.019	1000.0
frame_465	0.0	-5000.019	1000.0
frame_466	0.0	-5000.019	1000.0
frame_467	0.0	-5000.019	1000.0
frame_468	0.0	-5000.019	1000.0
frame_469	0.0	-5000.019	1000.0
frame_470	0.0	-5000.019	1000.0
frame_471	0.0	-5000.019	1000.0
frame_472	0.0	-5000.019	1000.0
frame_473	0.0	-5000.019	1000.0
frame_474	0.0	-5000.019	1000.0
frame_475	0.0	-5000.019	1000.0
frame_476	0.0	-5000.019	1000.0
frame_477	0.0	-5000.019	1000.0
frame_478	0.0	-5000.019	1000.0
frame_479	0.0	-5000.019	1000.0
frame_480	0.0	-5000.019	1000.0
frame_481	0.0	-5000.019	1000.0
frame_482	0.0	-5000.02	1000.0
frame_483	0.0	-5000.02	1000.0
frame_484	0.0	-5000.02	1000.0
frame_485	0.0	-5000.02	1000.0
frame_486	-0.0	-5000.021000000001	1000.0
frame_487	-0.0	-5000.021000000001	1000.0
frame_488	0.0	-5000.021000000001	1000.0
frame_489	0.0	-5000.021000000001	1000.0
frame_490	0.0	-5000.021000000001	1000.0
frame_491	0.0	-5000.021000000001	1000.0
frame_492	0.0	-5000.021000000001	1000.0
frame_493	0.0	-5000.021000000001	1000.0
frame_494	0.0	-5000.02	1000.0
frame_495	0.0	-5000.02	1000.0
frame_496	0.0	-5000.02	1000.0
frame_497	0.0	-5000.02	1000.0
frame_498	0.0	-5000.02	1000.0
frame_499	0.0	-5000.02	1000.0
frame_500	0.0	-5000.02	1000.0
frame_501	0.0	-5000.021000000001	1000.0
frame_502	0.0	-5000.021000000001	1000.0
frame_503	0.0	-5000.021000000001	1000.0
frame_504	0.0	-5000.021000000001	1000.0
frame_505	0.0	-5000.021000000001	1000.0
frame_506	0.0	-5000.021000000001	1000.0
frame_507	0.0	-5000.021000000001	1000.0
frame_508	0.0	-5000.021000000001	1000.0
frame_509	0.0	-5000.021000000001	1000.0
frame_510	0.0	-5000.021000000001	1000.0
frame_511	0.0	-5000.02	1000.0
frame_512	0.0	-5000.02	1000.0
frame_513	0.0	-5000.02	1000.0
frame_514	0.0	-5000.02	1000.0
frame_515	0.0	-5000.02	1000.0
frame_516	0.0	-5000.02	1000.0
frame_517	0.0	-5000.02	1000.0
frame_518	0.0	-5000.02	1000.0
frame_519	0.0	-5000.02	1000.0
frame_520	0.0	-5000.019	1000.0
frame_521	0.0	-5000.019	1000.0
frame_522	0.0	-5000.02	1000.0
frame_523	0.0	-5000.02	1000.0
frame_524	0.0	-5000.02	1000.0
frame_525	0.0	-5000.02	1000.0
frame_526	0.0	-5000.021000000001	1000.0
frame_527	0.0	-5000.021000000001	1000.0
frame_528	0.0	-5000.021000000001	1000.0
frame_529	0.0	-5000.021000000001	1000.0
frame_530	0.0	-5000.021000000001	1000.0
frame_531	0.0	-5000.02	1000.0
frame_532	0.0	-5000.02	1000.0
frame_533	0.0	-5000.02	1000.0
frame_534	0.0	-5000.02	1000.0
frame_535	0.0	-5000.02	1000.0
frame_536	0.0	-5000.02	1000.0
frame_537	0.0	-5000.019	1000.0
frame_538	0.0	-5000.019	1000.0
frame_539	0.0	-5000.02	1000.0
frame_540	0.0	-5000.02	1000.0
frame_541	0.0	-5000.02	1000.0
frame_542	0.0	-5000.02	1000.0
frame_543	0.0	-5000.019	1000.0
frame_544	0.0	-5000.019	1000.0
frame_545	0.0	-5000.02	1000.0
frame_546	0.0	-5000.02	1000.0
frame_547	0.0	-5000.02	1000.0
frame_548	-0.0	-5000.017	1000.0
frame_549	-0.0	-5000.017	1000.0
frame_550	-0.0	-5000.018	1000.0
frame_551	-0.0	-5000.018	1000.0
frame_552	0.0	-5000.019	1000.0
frame_553	0.0	-5000.019	1000.0
frame_554	0.0	-5000.019	1000.0
frame_555	0.0	-5000.019	1000.0
frame_556	0.0	-5000.019	1000.0
frame_557	0.0	-5000.019	1000.0
frame_558	0.0	-5000.019	1000.0
frame_559	0.0	-5000.019	1000.0
frame_560	0.0	-5000.019	1000.0
frame_561	0.0	-5000.018	1000.0
frame_562	0.0	-5000.018	1000.0
frame_563	0.0	-5000.019	1000.0
frame_564	0.0	-5000.019	1000.0
frame_565	0.0	-5000.02	1000.0
frame_566	0.0	-5000.02	1000.0
frame_567	0.0	-5000.02	1000.0
frame_568	0.0	-5000.02	1000.0
frame_569	0.0	-5000.02	1000.0
frame_570	0.0	-5000.02	1000.0
frame_571	0.0	-5000.02	1000.0
frame_572	0.0	-5000.02	1000.0
frame_573	0.0	-5000.02	1000.0
frame_574	0.0	-5000.02	1000.0
frame_575	0.0	-5000.02	1000.0
frame_576	0.0	-5000.021000000001	1000.0
frame_577	0.0	-5000.021000000001	1000.0
frame_578	0.0	-5000.021000000001	1000.0
frame_579	0.0	-5000.021000000001	1000.0
frame_580	0.0	-5000.021000000001	1000.0
frame_581	0.0	-5000.021000000001	1000.0
frame_582	0.0	-5000.021000000001	1000.0
frame_583	0.0	-5000.021000000001	1000.0
frame_584	0.0	-5000.021000000001	1000.0
frame_585	0.0	-5000.021000000001	1000.0
frame_586	0.0	-5000.021000000001	1000.0
frame_587	0.0	-5000.021000000001	1000.0
frame_588	0.0	-5000.021000000001	1000.0
frame_589	0.0	-5000.021000000001	1000.0
frame_590	0.0	-5000.021000000001	1000.0
frame_591	0.0	-5000.022000000001	1000.0
frame_592	0.0	-5000.022000000001	1000.0
frame_593	0.0	-5000.022000000001	1000.0
frame_594	0.0	-5000.022000000001	1000.0
frame_595	0.0	-5000.022999999999	1000.0
frame_596	0.0	-5000.022999999999	1000.0
frame_597	0.0	-5000.022999999999	1000.0
frame_598	0.0	-5000.022999999999	1000.0
frame_599	0.0	-5000.022000000001	1000.0
frame_600	0.0	-5000.022000000001	1000.0
frame_601	0.0	-5000.022999999999	1000.0
frame_602	0.0	-5000.022999999999	1000.0
frame_603	0.0	-5000.022999999999	1000.0
frame_604	0.0	-5000.022999999999	1000.0
frame_605	0.0	-5000.022999999999	1000.0
frame_606	0.0	-5000.022999999999	1000.0
frame_607	0.0	-5000.022999999999	1000.0
frame_608	0.0	-5000.022999999999	1000.0
frame_609	0.0	-5000.022999999999	1000.0
frame_610	0.0	-5000.022000000001	1000.0
frame_611	0.0	-5000.022000000001	1000.0
frame_612	0.0	-5000.022999999999	1000.0
frame_613	0.0	-5000.022999999999	1000.0
frame_614	0.0	-5000.022999999999	1000.0
frame_615	0.0	-5000.022999999999	1000.0
frame_616	0.0	-5000.023999999999	1000.0
frame_617	0.0	-5000.023999999999	1000.0
frame_618	0.0	-5000.023999999999	1000.0
frame_619	0.0	-5000.023999999999	1000.0
frame_620	0.0	-5000.023999999999	1000.0
frame_621	0.0	-5000.023999999999	1000.0
frame_622	0.0	-5000.023999999999	1000.0
frame_623	0.0	-5000.025	1000.0
frame_624	0.0	-5000.025	1000.0
frame_625	0.0	-5000.025	1000.0
frame_626	0.0	-5000.025	1000.0
frame_627	0.0	-5000.025	1000.0
frame_628	0.0	-5000.025	1000.0
frame_629	0.0	-5000.025	1000.0
frame_630	0.0	-5000.025	1000.0
frame_631	0.0	-5000.023999999999	1000.0
frame_632	0.0	-5000.023999999999	1000.0
frame_633	0.0	-5000.023999999999	1000.0
frame_634	0.0	-5000.023999999999	1000.0
frame_635	0.0	-5000.023999999999	1000.0
frame_636	0.0	-5000.025	1000.0
frame_637	0.0	-5000.025	1000.0
frame_638	-0.0	-5000.025	1000.0
frame_639	-0.0	-5000.025	1000.0
frame_640	-0.0	-5000.025	1000.0
frame_641	-0.0	-5000.025	1000.0
frame_642	-0.0	-5000.025	1000.0
frame_643	-0.0	-5000.025	1000.0
frame_644	-0.0	-5000.025	960.0
frame_645	-0.0	-5000.025	859.9999999999999
frame_646	-0.0	-5000.025	759.9999999999998
frame_647	-0.0	-5000.025	659.9999999999997
frame_648	-0.0	-5000.025	559.9999999999997
frame_649	-0.0	-5000.025	459.99999999999955
frame_650	-0.0	-5000.025	359.99999999999943
frame_651	-0.0	-5000.025	259.9999999999993
frame_652	-0.0	-5000.025	159.9999999999994
frame_653	-0.0	-5000.025	59.99999999999939
frame_654	-0.0	-5000.025	-40.00000000000062
frame_655	-0.0	-5000.025	-140.00000000000063
frame_656	-0.0	-5000.025	-240.00000000000057
frame_657	-0.0	-5000.025	-340.0000000000006
frame_658	-0.0	-5000.025	-440.00000000000074
frame_659	-0.0	-5000.026	-540.0000000000008
frame_660	-0.0	-5000.026	-640.0000000000009
frame_661	-0.0	-5000.026	-740.000000000001
frame_662	-0.0	-5000.026	-840.000000000001
frame_663	-0.0	-5000.026	-940.0000000000011
frame_664	-0.0	-5000.026	-1000.0
frame_665	-0.0	-5000.026	-1000.0
frame_666	-0.0	-5000.026	-1000.0
frame_667	-0.0	-5000.026	-1000.0
frame_668	-0.0	-5000.026	-1000.0
frame_669	-0.0	-5000.026	-1000.0
frame_670	-0.0	-5000.026	-1000.0
frame_671	-0.0	-5000.026	-1000.0
frame_672	-0.0	-5000.026	-1000.0
frame_673	-0.0	-5000.026	-1000.0
frame_674	-0.0	-5000.026	-1000.0
frame_675	-0.0	-5000.026	-1000.0
frame_676	-0.0	-5000.025	-1000.0
frame_677	-0.0	-5000.025	-1000.0
frame_678	-0.0	-5000.023999999999	-1000.0
frame_679	-0.0	-5000.023999999999	-1000.0
frame_680	-0.0	-5000.023999999999	-1000.0
frame_681	-0.0	-5000.023999999999	-1000.0
frame_682	-0.0	-5000.023999999999	-1000.0
frame_683	-0.0	-5000.023999999999	-1000.0
frame_684	-0.0	-5000.023999999999	-1000.0
frame_685	-0.0	-5000.023999999999	-1000.0
frame_686	-0.0	-5000.023999999999	-1000.0
frame_687	-0.0	-5000.023999999999	-1000.0
frame_688	-0.0	-5000.023999999999	-1000.0
frame_689	-0.0	-5000.023999999999	-1000.0
frame_690	-0.0	-5000.023999999999	-1000.0
frame_691	-0.0	-5000.025	-1000.0
frame_692	-0.0	-5000.025	-1000.0
frame_693	-0.0	-5000.026	-1000.0
frame_694	-0.0	-5000.026	-1000.0
frame_695	-0.0	-5000.026	-1000.0
frame_696	-0.0	-5000.026	-1000.0
frame_697	-0.0	-5000.026	-1000.0
frame_698	-0.0	-5000.026	-1000.0
frame_699	-0.0	-5000.026	-1000.0
frame_700	-0.0	-5000.026	-1000.0
frame_701	-0.0	-5000.026	-1000.0
frame_702	-0.0	-5000.026	-1000.0
frame_703	-0.0	-5000.026	-1000.0
frame_704	-0.0	-5000.026	-1000.0
frame_705	-0.0	-5000.026	-1000.0
frame_706	-0.0	-5000.026	-1000.0
frame_707	-0.0	-5000.026	-1000.0
frame_708	-0.0	-5000.026	-1000.0
frame_709	-0.0	-5000.026	-1000.0
frame_710	-0.0	-5000.026	-1000.0
frame_711	-0.0	-5000.026	-1000.0
frame_712	-0.0	-5000.026	-1000.0
frame_713	-0.0	-5000.026	-1000.0
frame_714	-0.0	-5000.026	-1000.0
frame_715	-0.0	-5000.026	-1000.0
frame_716	-0.0	-5000.026	-1000.0
frame_717	-0.0	-5000.027	-1000.0
frame_718	-0.0	-5000.027	-1000.0
frame_719	-0.0	-5000.027	-1000.0
frame_720	-0.0	-5000.027	-1000.0
frame_721	-0.0	-5000.027	-1000.0
frame_722	-0.0	-5000.027	-1000.0
frame_723	-0.0	-5000.027	-1000.0
frame_724	-0.0	-5000.027	-1000.0
frame_725	-0.0	-5000.027	-1000.0
frame_726	-0.0	-5000.027	-1000.0
frame_727	-0.0	-5000.027	-1000.0
frame_728	-0.0	-5000.026	-1000.0
frame_729	-0.0	-5000.026	-1000.0
frame_730	-0.0	-5000.025	-1000.0
frame_731	-0.0	-5000.025	-1000.0
frame_732	-0.0	-5000.025	-1000.0
frame_733	-0.0	-5000.025	-1000.0
frame_734	-0.0	-5000.025	-1000.0
frame_735	-0.0	-5000.025	-1000.0
frame_736	-0.0	-5000.025	-1000.0
frame_737	-0.0	-5000.026	-1000.0
frame_738	-0.0	-5000.026	-1000.0
frame_739	-0.0	-5000.026	-1000.0
frame_740	-0.0	-5000.026	-1000.0
frame_741	-0.0	-5000.025	-1000.0
frame_742	-0.0	-5000.025	-1000.0
frame_743	-0.0	-5000.025	-1000.0
frame_744	-0.0	-5000.025	-1000.0
frame_745	-0.0	-5000.023999999999	-1000.0
frame_746	-0.0	-5000.023999999999	-1000.0
frame_747	-0.0	-5000.023999999999	-1000.0
frame_748	-0.0	-5000.023999999999	-1000.0
frame_749	-0.0	-5000.025	-1000.0
frame_750	-0.0	-5000.025	-1000.0
frame_751	-0.0	-5000.025	-1000.0
frame_752	-0.0	-5000.025	-1000.0
frame_753	-0.0	-5000.025	-1000.0
frame_754	-0.0	-5000.023999999999	-1000.0
frame_755	-0.0	-5000.023999999999	-1000.0
frame_756	-0.0	-5000.025	-1000.0
frame_757	-0.0	-5000.025	-1000.0
frame_758	-0.0	-5000.025	-1000.0
frame_759	-0.0	-5000.025	-1000.0
frame_760	-0.0	-5000.025	-1000.0
frame_761	-0.0	-5000.025	-1000.0
frame_762	-0.0	-5000.025	-1000.0
frame_763	-0.0	-5000.025	-1000.0
frame_764	-0.0	-5000.025	-1000.0
frame_765	-0.0	-5000.025	-1000.0
frame_766	-0.0	-5000.025	-1000.0
frame_767	-0.0	-5000.025	-1000.0
frame_768	-0.0	-5000.025	-1000.0
frame_769	-0.0	-5000.025	-1000.0
frame_770	-0.0	-5000.025	-1000.0
frame_771	-0.0	-5000.025	-1000.0
frame_772	-0.0	-5000.025	-1000.0
frame_773	-0.0	-5000.025	-1000.0
frame_774	-0.0	-5000.025	-1000.0
frame_775	-0.0	-5000.026	-1000.0
frame_776	-0.0	-5000.026	-1000.0
frame_777	-0.0	-5000.025	-1000.0
frame_778	-0.0	-5000.025	-1000.0
frame_779	-0.0	-5000.026	-1000.0
frame_780	-0.0	-5000.026	-1000.0
frame_781	-0.0	-5000.026	-1000.0
frame_782	-0.0	-5000.025	-1000.0
frame_783	-0.0	-5000.025	-1000.0
frame_784	-0.01	-5000.026	-1000.0
frame_785	-0.01	-5000.026	-1000.0
frame_786	-0.01	-5000.026	-1000.0
frame_787	-0.01	-5000.026	-1000.0
frame_788	-0.01	-5000.027	-1000.0
frame_789	-0.01	-5000.027	-1000.0
frame_790	-0.01	-5000.027	-1000.0
frame_791	-0.01	-5000.027	-1000.0
frame_792	-0.01	-5000.027	-1000.0
frame_793	-0.01	-5000.027	-1000.0
frame_794	-0.01	-5000.026	-1000.0
frame_795	-0.01	-5000.026	-1000.0
frame_796	-0.01	-5000.026	-1000.0
frame_797	-0.01	-5000.026	-1000.0
frame_798	-0.01	-5000.026	-1000.0
frame_799	-0.01	-5000.026	-1000.0
frame_800	-0.01	-5000.026	-1000.0
frame_801	-0.01	-5000.026	-1000.0
frame_802	-0.01	-5000.026	-1000.0
frame_803	-0.01	-5000.026	-1000.0
frame_804	-0.01	-5000.026	-1000.0
frame_805	-0.01	-5000.027	-1000.0
frame_806	-0.01	-5000.027	-1000.0
frame_807	-0.01	-5000.028	-1000.0
frame_808	-0.01	-5000.028	-1000.0
frame_809	-0.0	-5000.028	-1000.0
frame_810	-0.0	-5000.028	-1000.0
frame_811	-0.01	-5000.028	-1000.0
frame_812	-0.01	-5000.028	-1000.0
frame_813	-0.01	-5000.028	-1000.0
frame_814	-0.01	-5000.0289999999995	-1000.0
frame_815	-0.01	-5000.0289999999995	-1000.0
frame_816	-0.01	-5000.028	-1000.0
frame_817	-0.01	-5000.028	-1000.0
frame_818	-0.01	-5000.028	-1000.0
frame_819	-0.01	-5000.028	-1000.0
frame_820	-0.01	-5000.0289999999995	-1000.0
frame_821	-0.01	-5000.0289999999995	-1000.0
frame_822	-0.01	-5000.0289999999995	-1000.0
frame_823	-0.01	-5000.0289999999995	-1000.0
frame_824	-0.01	-5000.0289999999995	-1000.0
frame_825	-0.01	-5000.0289999999995	-1000.0
frame_826	-0.01	-5000.0289999999995	-1000.0
frame_827	-0.01	-5000.0289999999995	-1000.0
frame_828	-0.01	-5000.0289999999995	-1000.0
frame_829	-0.01	-5000.0289999999995	-1000.0
frame_830	-0.01	-5000.0289999999995	-1000.0
frame_831	-0.01	-5000.0289999999995	-1000.0
frame_832	-0.01	-5000.0289999999995	-1000.0
frame_833	-0.01	-5000.0289999999995	-1000.0
frame_834	-0.01	-5000.0289999999995	-1000.0
frame_835	-0.0	-5000.0289999999995	-1000.0
frame_836	-0.0	-5000.0289999999995	-1000.0
frame_837	-0.01	-5000.0289999999995	-1000.0
frame_838	-0.01	-5000.0289999999995	-1000.0
frame_839	-0.01	-5000.0289999999995	-1000.0
frame_840	-0.01	-5000.0289999999995	-1000.0
frame_841	-0.01	-5000.0289999999995	-1000.0
frame_842	-0.0	-5000.0289999999995	-1000.0
frame_843	-0.0	-5000.0289999999995	-1000.0
frame_844	-0.01	-5000.0289999999995	-1000.0
frame_845	-0.01	-5000.0289999999995	-1000.0
frame_846	-0.01	-5000.03	-1000.0
frame_847	-0.01	-5000.03	-1000.0
frame_848	-0.01	-5000.03	-1000.0
frame_849	-0.01	-5000.03	-1000.0
frame_850	-0.01	-5000.03	-1000.0
frame_851	-0.01	-5000.03	-1000.0
frame_852	-0.0	-5000.03	-1000.0
frame_853	-0.0	-5000.03	-1000.0
frame_854	-0.0	-5000.03	-1000.0
frame_855	-0.0	-5000.03	-1000.0
frame_856	-0.0	-5000.03	-1000.0
frame_857	-0.01	-5000.03	-1000.0
frame_858	-0.01	-5000.03	-1000.0
frame_859	-0.01	-5000.03	-1000.0
frame_860	-0.01	-5000.03	-1000.0
frame_861	-0.01	-5000.031	-1000.0
frame_862	-0.01	-5000.031	-1000.0
frame_863	-0.0	-5000.031	-1000.0
frame_864	-0.0	-5000.031	-1000.0
frame_865	-0.0	-5000.031	-1000.0
frame_866	-0.0	-5000.031	-1000.0
frame_867	-0.0	-5000.031	-1000.0
frame_868	-0.0	-5000.031	-1000.0
frame_869	-0.0	-5000.03	-1000.0
frame_870	-0.0	-5000.03	-1000.0
frame_871	-0.0	-5000.03	-1000.0
frame_872	-0.0	-5000.03	-1000.0
frame_873	-0.0	-5000.03	-1000.0
frame_874	-0.0	-5000.03	-1000.0
frame_875	-0.0	-5000.03	-1000.0
frame_876	-0.01	-5000.0289999999995	-1000.0
frame_877	-0.01	-5000.0289999999995	-1000.0
frame_878	-0.01	-5000.03	-1000.0
frame_879	-0.01	-5000.03	-1000.0
frame_880	-0.01	-5000.03	-1000.0
frame_881	-0.01	-5000.03	-1000.0
frame_882	-0.01	-5000.031	-1000.0
frame_883	-0.01	-5000.031	-1000.0
frame_884	-0.01	-5000.03	-1000.0
frame_885	-0.01	-5000.03	-1000.0
frame_886	-0.01	-5000.03	-1000.0
frame_887	-0.01	-5000.03	-1000.0
frame_888	-0.01	-5000.0289999999995	-1000.0
frame_889	-0.01	-5000.0289999999995	-1000.0
frame_890	-0.01	-5000.0289999999995	-1000.0
frame_891	-0.01	-5000.0289999999995	-1000.0
frame_892	-0.01	-5000.0289999999995	-1000.0
frame_893	-0.01	-5000.03	-1000.0
frame_894	-0.01	-5000.03	-1000.0
frame_895	-0.01	-5000.03	-1000.0
frame_896	-0.01	-5000.03	-1000.0
frame_897	-0.01	-5000.03	-1000.0
frame_898	-0.01	-5000.03	-1000.0
frame_899	-0.01	-5000.03	-1000.0
frame_900	-0.01	-5000.03	-1000.0
frame_901	-0.01	-5000.0289999999995	-1000.0
frame_902	-0.01	-5000.0289999999995	-1000.0
frame_903	-0.01	-5000.0289999999995	-1000.0
frame_904	-0.01	-5000.03	-1000.0
frame_905	-0.01	-5000.03	-1000.0
frame_906	-0.01	-5000.031	-1000.0
frame_907	-0.01	-5000.031	-1000.0
frame_908	-0.01	-5000.031	-1000.0
frame_909	-0.01	-5000.031	-1000.0
frame_910	-0.01	-5000.031	-1000.0
frame_911	-0.01	-5000.031	-1000.0
frame_912	-0.01	-5000.031	-1000.0
frame_913	-0.01	-5000.031	-1000.0
frame_914	-0.01	-5000.032	-1000.0
frame_915	-0.01	-5000.032	-1000.0
frame_916	-0.01	-5000.032	-1000.0
frame_917	-0.01	-5000.032	-1000.0
frame_918	-0.01	-5000.032	-1000.0
frame_919	-0.01	-5000.031	-1000.0
frame_920	-0.01	-5000.031	-1000.0
frame_921	-0.01	-5000.032	-1000.0
frame_922	-0.01	-5000.032	-1000.0
frame_923	-0.01	-5000.033	-1000.0
frame_924	-0.01	-5000.033	-1000.0
frame_925	-0.01	-5000.033	-1000.0
frame_926	-0.01	-5000.033	-1000.0
frame_927	-0.01	-5000.032	-1000.0
frame_928	-0.01	-5000.032	-1000.0
frame_929	-0.01	-5000.032	-1000.0
frame_930	-0.01	-5000.032	-1000.0
frame_931	-0.01	-5000.031	-1000.0
frame_932	-0.01	-5000.031	-1000.0
frame_933	-0.01	-5000.032	-1000.0
frame_934	-0.01	-5000.032	-1000.0
frame_935	-0.01	-5000.032	-1000.0
frame_936	-0.01	-5000.033	-1000.0
frame_937	-0.01	-5000.033	-1000.0
frame_938	-0.01	-5000.033	-919.9999999999999
frame_939	-0.01	-5000.033	-819.9999999999999
frame_940	-0.01	-5000.033	-719.9999999999998
frame_941	-0.01	-5000.033	-619.9999999999997
frame_942	-0.01	-5000.033	-519.9999999999995
frame_943	-0.01	-5000.033	-419.9999999999995
frame_944	-0.01	-5000.033	-319.9999999999994
frame_945	-0.01	-5000.033	-219.99999999999937
frame_946	-0.01	-5000.034000000001	-119.9999999999994
frame_947	-0.01	-5000.034000000001	-19.999999999999382
frame_948	-0.01	-5000.033	80.00000000000063
frame_949	-0.01	-5000.033	180.0000000000006
frame_950	-0.01	-5000.033	280.00000000000057
frame_951	-0.01	-5000.034000000001	380.0000000000007
frame_952	-0.01	-5000.034000000001	480.00000000000074
frame_953	-0.01	-5000.034000000001	580.0000000000008
frame_954	-0.01	-5000.034000000001	680.0000000000009
frame_955	-0.01	-5000.034000000001	780.000000000001
frame_956	-0.01	-5000.034000000001	880.0000000000011
frame_957	-0.01	-5000.034000000001	980.0000000000013
frame_958	-0.01	-5000.034000000001	1000.0
frame_959	-0.01	-5000.034000000001	1000.0
frame_960	-0.01	-5000.034000000001	1000.0
frame_961	-0.01	-5000.034000000001	1000.0
frame_962	-0.01	-5000.034000000001	1000.0
frame_963	-0.01	-5000.034000000001	1000.0
frame_964	-0.01	-5000.034000000001	1000.0
frame_965	-0.01	-5000.035	1000.0
frame_966	-0.01	-5000.035	1000.0
frame_967	-0.01	-5000.035	1000.0
frame_968	-0.0	-5000.034000000001	1000.0
frame_969	-0.0	-5000.034000000001	1000.0
frame_970	-0.01	-5000.034000000001	1000.0
frame_971	-0.01	-5000.034000000001	1000.0
frame_972	-0.01	-5000.034000000001	1000.0
frame_973	-0.01	-5000.034000000001	1000.0
frame_974	-0.01	-5000.034000000001	1000.0
frame_975	-0.01	-5000.034000000001	1000.0
frame_976	-0.0	-5000.033	1000.0
frame_977	-0.0	-5000.033	1000.0
frame_978	-0.0	-5000.033	1000.0
frame_979	-0.0	-5000.033	1000.0
frame_980	-0.0	-5000.033	1000.0
frame_981	-0.0	-5000.033	1000.0
frame_982	-0.0	-5000.033	1000.0
frame_983	-0.01	-5000.033	1000.0
frame_984	-0.01	-5000.033	1000.0
frame_985	-0.01	-5000.033	1000.0
frame_986	-0.01	-5000.033	1000.0
frame_987	-0.0	-5000.033	1000.0
frame_988	-0.0	-5000.033	1000.0
frame_989	-0.0	-5000.033	1000.0
frame_990	-0.0	-5000.033	1000.0
frame_991	-0.0	-5000.032	1000.0
frame_992	-0.0	-5000.032	1000.0
frame_993	-0.0	-5000.032	1000.0
frame_994	-0.0	-5000.032	1000.0
frame_995	-0.0	-5000.032	1000.0
frame_996	-0.0	-5000.032	1000.0
frame_997	-0.0	-5000.032	1000.0
frame_998	-0.0	-5000.032	1000.0
frame_999	-0.0	-5000.032	1000.0
frame_1000	-0.0	-5000.033	1000.0
frame_1001	-0.0	-5000.033	1000.0
frame_1002	-0.0	-5000.034000000001	1000.0
frame_1003	-0.0	-5000.034000000001	1000.0
frame_1004	-0.0	-5000.034000000001	1000.0
frame_1005	-0.0	-5000.034000000001	1000.0
frame_1006	-0.0	-5000.034000000001	1000.0
frame_1007	-0.0	-5000.034000000001	1000.0
frame_1008	-0.0	-5000.034000000001	1000.0
frame_1009	-0.0	-5000.034000000001	1000.0
frame_1010	-0.0	-5000.033	1000.0
frame_1011	-0.0	-5000.033	1000.0
frame_1012	-0.0	-5000.033	1000.0
frame_1013	-0.0	-5000.033	1000.0
frame_1014	-0.0	-5000.033	1000.0
frame_1015	-0.0	-5000.033	1000.0
frame_1016	-0.0	-5000.033	1000.0
frame_1017	-0.0	-5000.033	1000.0
frame_1018	-0.0	-5000.033	1000.0
frame_1019	-0.0	-5000.034000000001	1000.0
frame_1020	-0.0	-5000.034000000001	1000.0
frame_1021	-0.0	-5000.034000000001	1000.0
frame_1022	-0.0	-5000.034000000001	1000.0
frame_1023	-0.0	-5000.034000000001	1000.0
frame_1024	-0.0	-5000.034000000001	1000.0
frame_1025	-0.0	-5000.035	1000.0
frame_1026	-0.0	-5000.035	1000.0
frame_1027	-0.0	-5000.035	1000.0
frame_1028	-0.0	-5000.035	1000.0
frame_1029	-0.0	-5000.035	1000.0
frame_1030	-0.0	-5000.035	1000.0
frame_1031	-0.0	-5000.035	1000.0
frame_1032	-0.0	-5000.035	1000.0
frame_1033	-0.0	-5000.035	1000.0
frame_1034	-0.0	-5000.035	1000.0
frame_1035	-0.0	-5000.035	1000.0
frame_1036	-0.0	-5000.034000000001	1000.0
frame_1037	-0.0	-5000.034000000001	1000.0
frame_1038	-0.0	-5000.033	1000.0
frame_1039	-0.0	-5000.033	1000.0
frame_1040	-0.0	-5000.033	1000.0
frame_1041	-0.0	-5000.033	1000.0
frame_1042	-0.0	-5000.034000000001	1000.0
frame_1043	-0.0	-5000.034000000001	1000.0
frame_1044	-0.0	-5000.034000000001	1000.0
frame_1045	-0.0	-5000.034000000001	1000.0
frame_1046	-0.0	-5000.034000000001	1000.0
frame_1047	-0.0	-5000.034000000001	1000.0
frame_1048	-0.0	-5000.034000000001	1000.0
frame_1049	-0.0	-5000.034000000001	1000.0
frame_1050	-0.0	-5000.034000000001	1000.0
frame_1051	-0.0	-5000.033	1000.0
frame_1052	-0.0	-5000.033	1000.0
frame_1053	-0.0	-5000.032	1000.0
frame_1054	-0.0	-5000.032	1000.0
frame_1055	-0.0	-5000.032	1000.0
frame_1056	-0.0	-5000.032	1000.0
frame_1057	-0.0	-5000.032	1000.0
frame_1058	-0.0	-5000.032	1000.0
frame_1059	-0.0	-5000.031	1000.0
frame_1060	-0.0	-5000.031	1000.0
frame_1061	-0.0	-5000.031	1000.0
frame_1062	-0.0	-5000.031	1000.0
frame_1063	-0.0	-5000.031	1000.0
frame_1064	-0.0	-5000.031	1000.0
frame_1065	-0.0	-5000.031	1000.0
frame_1066	-0.0	-5000.031	1000.0
frame_1067	-0.0	-5000.031	1000.0
frame_1068	-0.0	-5000.032	1000.0
frame_1069	-0.0	-5000.032	1000.0
frame_1070	-0.0	-5000.032	1000.0
frame_1071	-0.0	-5000.032	1000.0
frame_1072	-0.0	-5000.032	1000.0
frame_1073	-0.0	-5000.032	1000.0
frame_1074	-0.0	-5000.031	1000.0
frame_1075	-0.0	-5000.031	1000.0
frame_1076	-0.0	-5000.031	1000.0
frame_1077	-0.0	-5000.031	1000.0
frame_1078	-0.0	-5000.031	1000.0
frame_1079	-0.0	-5000.031	1000.0
frame_1080	-0.0	-5000.031	1000.0
frame_1081	-0.0	-5000.032	1000.0
frame_1082	-0.0	-5000.032	1000.0
frame_1083	-0.0	-5000.032	1000.0
frame_1084	-0.0	-5000.032	1000.0
frame_1085	-0.0	-5000.033	1000.0
frame_1086	-0.0	-5000.033	1000.0
frame_1087	-0.0	-5000.033	1000.0
frame_1088	-0.0	-5000.033	1000.0
frame_1089	-0.0	-5000.033	1000.0
frame_1090	-0.0	-5000.033	1000.0
frame_1091	-0.0	-5000.033	1000.0
frame_1092	-0.0	-5000.033	1000.0
frame_1093	-0.0	-5000.033	1000.0
frame_1094	-0.0	-5000.033	1000.0
frame_1095	-0.0	-5000.033	1000.0
frame_1096	-0.0	-5000.033	1000.0
frame_1097	-0.0	-5000.033	1000.0
frame_1098	-0.0	-5000.033	1000.0
frame_1099	-0.0	-5000.033	1000.0
frame_1100	-0.0	-5000.033	1000.0
frame_1101	-0.0	-5000.033	1000.0
frame_1102	-0.0	-5000.033	1000.0
frame_1103	-0.0	-5000.033	1000.0
frame_1104	-0.0	-5000.034000000001	1000.0
frame_1105	-0.0	-5000.034000000001	1000.0
frame_1106	-0.0	-5000.034000000001	1000.0
frame_1107	-0.0	-5000.034000000001	1000.0
frame_1108	-0.0	-5000.035	1000.0
frame_1109	-0.0	-5000.035	1000.0
frame_1110	-0.0	-5000.034000000001	1000.0
frame_1111	-0.0	-5000.034000000001	1000.0
frame_1112	-0.0	-5000.034000000001	1000.0
frame_1113	-0.0	-5000.034000000001	1000.0
frame_1114	-0.0	-5000.034000000001	1000.0
frame_1115	-0.0	-5000.034000000001	1000.0
frame_1116	-0.0	-5000.034000000001	1000.0
frame_1117	-0.0	-5000.033	1000.0
frame_1118	-0.0	-5000.033	1000.0
frame_1119	-0.0	-5000.033	1000.0
frame_1120	-0.0	-5000.033	1000.0
frame_1121	-0.0	-5000.034000000001	1000.0
frame_1122	-0.0	-5000.034000000001	1000.0
frame_1123	-0.0	-5000.034000000001	1000.0
frame_1124	-0.0	-5000.034000000001	1000.0
frame_1125	-0.0	-5000.035	1000.0
frame_1126	-0.0	-5000.035	1000.0
frame_1127	-0.0	-5000.035	1000.0
frame_1128	-0.0	-5000.034000000001	1000.0
frame_1129	-0.0	-5000.034000000001	1000.0
frame_1130	-0.0	-5000.034000000001	1000.0
frame_1131	-0.0	-5000.034000000001	1000.0
frame_1132	-0.0	-5000.034000000001	1000.0
frame_1133	-0.0	-5000.034000000001	1000.0
frame_1134	0.0	-5000.034000000001	1000.0
frame_1135	0.0	-5000.034000000001	1000.0
frame_1136	0.0	-5000.034000000001	1000.0
frame_1137	0.0	-5000.034000000001	1000.0
frame_1138	-0.0	-5000.033	1000.0
frame_1139	-0.0	-5000.033	1000.0
frame_1140	-0.0	-5000.034000000001	1000.0
frame_1141	-0.0	-5000.034000000001	1000.0
frame_1142	-0.0	-5000.034000000001	1000.0
frame_1143	-0.0	-5000.034000000001	1000.0
frame_1144	-0.0	-5000.034000000001	1000.0
frame_1145	-0.0	-5000.034000000001	1000.0
frame_1146	-0.0	-5000.034000000001	1000.0
frame_1147	-0.0	-5000.033	1000.0
frame_1148	-0.0	-5000.033	1000.0
frame_1149	0.0	-5000.034000000001	1000.0
frame_1150	0.0	-5000.034000000001	1000.0
frame_1151	-0.0	-5000.034000000001	1000.0
frame_1152	-0.0	-5000.034000000001	1000.0
frame_1153	-0.0	-5000.033	1000.0
frame_1154	-0.0	-5000.033	1000.0
frame_1155	-0.0	-5000.033	1000.0
frame_1156	0.0	-5000.033	1000.0
frame_1157	0.0	-5000.033	1000.0
frame_1158	0.0	-5000.033	1000.0
frame_1159	0.0	-5000.033	1000.0
frame_1160	0.0	-5000.034000000001	1000.0
frame_1161	0.0	-5000.034000000001	1000.0
frame_1162	0.0	-5000.034000000001	1000.0
frame_1163	0.0	-5000.034000000001	1000.0
frame_1164	0.0	-5000.034000000001	1000.0
frame_1165	0.0	-5000.034000000001	1000.0
frame_1166	0.0	-5000.034000000001	1000.0
frame_1167	0.0	-5000.034000000001	1000.0
frame_1168	0.0	-5000.034000000001	1000.0
frame_1169	0.0	-5000.034000000001	1000.0
frame_1170	0.0	-5000.034000000001	1000.0
frame_1171	0.0	-5000.034000000001	1000.0
frame_1172	0.0	-5000.034000000001	1000.0
frame_1173	0.0	-5000.035	1000.0
frame_1174	0.0	-5000.035	1000.0
frame_1175	0.0	-5000.035	1000.0
frame_1176	0.0	-5000.035	1000.0
frame_1177	0.0	-5000.035	1000.0
frame_1178	0.0	-5000.035	1000.0
frame_1179	0.0	-5000.035	1000.0
frame_1180	0.0	-5000.035	1000.0
frame_1181	0.0	-5000.034000000001	1000.0
frame_1182	0.0	-5000.034000000001	1000.0
frame_1183	0.0	-5000.034000000001	1000.0
frame_1184	0.0	-5000.034000000001	1000.0
frame_1185	0.0	-5000.034000000001	1000.0
frame_1186	0.0	-5000.034000000001	1000.0
frame_1187	0.0	-5000.034000000001	1000.0
frame_1188	0.0	-5000.034000000001	1000.0
frame_1189	0.0	-5000.034000000001	1000.0
frame_1190	0.0	-5000.034000000001	1000.0
frame_1191	0.0	-5000.034000000001	1000.0
frame_1192	0.0	-5000.034000000001	1000.0
frame_1193	0.0	-5000.034000000001	1000.0
frame_1194	0.0	-5000.034000000001	1000.0
frame_1195	0.0	-5000.034000000001	1000.0
frame_1196	0.0	-5000.034000000001	1000.0
frame_1197	0.0	-5000.034000000001	1000.0
frame_1198	0.0	-5000.035	1000.0
frame_1199	0.0	-5000.035	1000.0
frame_1200	0.0	-5000.034000000001	1000.0
frame_1201	0.0	-5000.034000000001	1000.0
frame_1202	0.0	-5000.034000000001	1000.0
frame_1203	0.0	-5000.033	1000.0
frame_1204	0.0	-5000.033	1000.0
frame_1205	0.0	-5000.034000000001	1000.0
frame_1206	0.0	-5000.034000000001	1000.0
frame_1207	0.0	-5000.034000000001	1000.0
frame_1208	0.0	-5000.034000000001	1000.0
frame_1209	0.0	-5000.033	1000.0
frame_1210	0.0	-5000.033	1000.0
frame_1211	0.0	-5000.033	1000.0
frame_1212	0.0	-5000.033	1000.0
frame_1213	0.0	-5000.033	1000.0
frame_1214	0.0	-5000.033	1000.0
frame_1215	0.0	-5000.033	1000.0
frame_1216	0.0	-5000.033	1000.0
frame_1217	0.0	-5000.033	1000.0
frame_1218	0.0	-5000.033	1000.0
frame_1219	0.0	-5000.033	1000.0
frame_1220	0.0	-5000.033	1000.0
frame_1221	0.0	-5000.033	1000.0
frame_1222	0.0	-5000.033	1000.0
frame_1223	0.0	-5000.033	1000.0
frame_1224	0.0	-5000.034000000001	1000.0
frame_1225	0.0	-5000.034000000001	1000.0
frame_1226	0.0	-5000.035	1000.0
frame_1227	0.0	-5000.035	1000.0
frame_1228	0.0	-5000.034000000001	1000.0
frame_1229	0.0	-5000.034000000001	1000.0
frame_1230	0.0	-5000.034000000001	1000.0
frame_1231	-0.0	-5000.034000000001	899.9999999999999
frame_1232	-0.0	-5000.034000000001	799.9999999999998
frame_1233	-0.0	-5000.035	699.9999999999998
frame_1234	-0.0	-5000.035	599.9999999999997
frame_1235	-0.0	-5000.035	499.99999999999955
frame_1236	-0.0	-5000.035	399.9999999999995
frame_1237	-0.0	-5000.036	299.9999999999994
frame_1238	-0.0	-5000.036	199.99999999999937
frame_1239	-0.0	-5000.036	99.99999999999939
frame_1240	-0.0	-5000.036	-6.175615574477433e-13
frame_1241	-0.0	-5000.037	-100.00000000000063
frame_1242	-0.0	-5000.037	-200.0000000000006
frame_1243	-0.0	-5000.037	-300.0000000000006
frame_1244	-0.0	-5000.036	-400.0000000000007
frame_1245	-0.0	-5000.036	-500.0000000000008
frame_1246	-0.0	-5000.036	-600.0000000000009
frame_1247	-0.0	-5000.036	-700.0000000000009
frame_1248	-0.0	-5000.037	-800.000000000001
frame_1249	-0.0	-5000.037	-900.0000000000011
frame_1250	-0.0	-5000.037	-1000.0000000000011
frame_1251	0.0	-5000.037	-1000.0
frame_1252	0.0	-5000.037	-1000.0
frame_1253	0.0	-5000.037	-1000.0
frame_1254	0.0	-5000.037	-1000.0
frame_1255	0.0	-5000.037	-1000.0
frame_1256	0.0	-5000.037	-1000.0
frame_1257	0.0	-5000.037	-1000.0
frame_1258	0.0	-5000.037	-1000.0
frame_1259	0.0	-5000.037	-1000.0
frame_1260	0.0	-5000.037	-1000.0
frame_1261	0.0	-5000.037	-1000.0
frame_1262	0.0	-5000.037	-1000.0
frame_1263	0.0	-5000.037	-1000.0
frame_1264	0.0	-5000.037	-1000.0
frame_1265	0.0	-5000.037	-1000.0
frame_1266	0.0	-5000.037	-1000.0
frame_1267	0.0	-5000.037	-1000.0
frame_1268	0.0	-5000.037	-1000.0
frame_1269	0.0	-5000.037	-1000.0
frame_1270	0.0	-5000.037	-1000.0
frame_1271	0.0	-5000.038	-1000.0
frame_1272	0.0	-5000.038	-1000.0
frame_1273	0.0	-5000.037	-1000.0
frame_1274	0.0	-5000.037	-1000.0
frame_1275	0.0	-5000.037	-1000.0
frame_1276	0.0	-5000.037	-1000.0
frame_1277	0.0	-5000.037	-1000.0
frame_1278	0.0	-5000.037	-1000.0
frame_1279	0.0	-5000.037	-1000.0
frame_1280	0.0	-5000.038	-1000.0
frame_1281	0.0	-5000.038	-1000.0
frame_1282	0.0	-5000.039	-1000.0
frame_1283	0.0	-5000.039	-1000.0
frame_1284	0.0	-5000.039	-1000.0
frame_1285	0.0	-5000.039	-1000.0
frame_1286	0.0	-5000.039	-1000.0
frame_1287	0.0	-5000.039	-1000.0
frame_1288	0.0	-5000.038	-1000.0
frame_1289	0.0	-5000.038	-1000.0
frame_1290	0.0	-5000.038	-1000.0
frame_1291	0.0	-5000.038	-1000.0
frame_1292	0.0	-5000.038	-1000.0
frame_1293	0.0	-5000.037	-1000.0
frame_1294	0.0	-5000.037	-1000.0
frame_1295	0.0	-5000.038	-1000.0
frame_1296	0.0	-5000.038	-1000.0
frame_1297	0.0	-5000.038	-1000.0
frame_1298	0.0	-5000.038	-1000.0
frame_1299	0.0	-5000.038	-1000.0
frame_1300	0.0	-5000.038	-1000.0
frame_1301	0.0	-5000.038	-1000.0
frame_1302	0.0	-5000.038	-1000.0
frame_1303	0.0	-5000.037	-1000.0
frame_1304	0.0	-5000.037	-1000.0
frame_1305	0.0	-5000.037	-1000.0
frame_1306	0.0	-5000.038	-1000.0
frame_1307	0.0	-5000.038	-1000.0
frame_1308	0.0	-5000.038	-1000.0
frame_1309	0.0	-5000.038	-1000.0
frame_1310	0.0	-5000.038	-1000.0
frame_1311	0.0	-5000.038	-1000.0
frame_1312	0.0	-5000.038	-1000.0
frame_1313	0.0	-5000.038	-1000.0
frame_1314	0.0	-5000.038	-1000.0
frame_1315	0.0	-5000.038	-1000.0
frame_1316	0.0	-5000.038	-1000.0
frame_1317	0.0	-5000.038	-1000.0
frame_1318	0.0	-5000.038	-1000.0
frame_1319	0.0	-5000.038	-1000.0
frame_1320	0.0	-5000.038	-1000.0
frame_1321	0.0	-5000.038	-1000.0
frame_1322	0.0	-5000.038	-1000.0
frame_1323	0.0	-5000.038	-1000.0
frame_1324	0.0	-5000.038	-1000.0
frame_1325	0.0	-5000.037	-1000.0
frame_1326	0.0	-5000.037	-1000.0
frame_1327	0.0	-5000.037	-1000.0
frame_1328	0.0	-5000.037	-1000.0
frame_1329	0.0	-5000.038	-1000.0
frame_1330	0.0	-5000.038	-1000.0
frame_1331	0.0	-5000.038	-1000.0
frame_1332	0.0	-5000.038	-1000.0
frame_1333	0.0	-5000.038	-1000.0
frame_1334	0.0	-5000.038	-1000.0
frame_1335	0.0	-5000.038	-1000.0
frame_1336	0.0	-5000.038	-1000.0
frame_1337	0.0	-5000.038	-1000.0
frame_1338	0.0	-5000.038	-1000.0
frame_1339	0.0	-5000.038	-1000.0
frame_1340	0.0	-5000.038	-1000.0
frame_1341	0.0	-5000.038	-1000.0
frame_1342	0.0	-5000.038	-1000.0
frame_1343	0.0	-5000.038	-1000.0
frame_1344	0.0	-5000.039	-1000.0
frame_1345	0.0	-5000.039	-1000.0
frame_1346	0.0	-5000.039	-1000.0
frame_1347	0.0	-5000.038	-1000.0
frame_1348	0.0	-5000.038	-1000.0
frame_1349	0.0	-5000.039	-1000.0
frame_1350	0.0	-5000.039	-1000.0
frame_1351	0.0	-5000.039	-1000.0
frame_1352	0.0	-5000.039	-1000.0
frame_1353	0.0	-5000.039	-1000.0
frame_1354	0.0	-5000.039	-1000.0
frame_1355	0.0	-5000.039	-1000.0
frame_1356	0.0	-5000.039	-1000.0
frame_1357	0.0	-5000.039	-1000.0
frame_1358	0.0	-5000.039	-1000.0
frame_1359	0.0	-5000.039	-1000.0
frame_1360	0.0	-5000.039	-1000.0
frame_1361	0.0	-5000.04	-1000.0
frame_1362	0.0	-5000.04	-1000.0
frame_1363	0.0	-5000.041	-1000.0
frame_1364	0.0	-5000.041	-1000.0
frame_1365	0.0	-5000.041	-1000.0
frame_1366	0.0	-5000.041	-1000.0
frame_1367	0.0	-5000.041	-1000.0
frame_1368	0.0	-5000.041	-1000.0
frame_1369	0.0	-5000.041	-1000.0
frame_1370	0.0	-5000.041	-1000.0
frame_1371	0.0	-5000.041	-1000.0
frame_1372	0.0	-5000.041	-1000.0
frame_1373	0.0	-5000.041	-1000.0
frame_1374	0.0	-5000.0419999999995	-1000.0
frame_1375	0.0	-5000.0419999999995	-1000.0
frame_1376	0.0	-5000.0419999999995	-1000.0
frame_1377	0.0	-5000.0419999999995	-1000.0
frame_1378	0.0	-5000.043	-1000.0
frame_1379	0.0	-5000.043	-1000.0
frame_1380	0.0	-5000.044	-1000.0
frame_1381	0.0	-5000.044	-1000.0
frame_1382	0.0	-5000.044	-1000.0
frame_1383	0.0	-5000.044	-1000.0
frame_1384	0.0	-5000.044	-1000.0
frame_1385	0.0	-5000.044	-1000.0
frame_1386	0.0	-5000.044	-1000.0
frame_1387	0.0	-5000.043	-1000.0
frame_1388	0.0	-5000.043	-1000.0
frame_1389	0.0	-5000.043	-1000.0
frame_1390	0.0	-5000.043	-1000.0
frame_1391	0.0	-5000.043	-1000.0
frame_1392	0.0	-5000.043	-1000.0
frame_1393	0.0	-5000.044	-1000.0
frame_1394	0.0	-5000.044	-1000.0
frame_1395	0.0	-5000.045	-1000.0
frame_1396	0.0	-5000.045	-1000.0
frame_1397	0.0	-5000.044	-1000.0
frame_1398	0.0	-5000.044	-1000.0
frame_1399	0.0	-5000.043	-1000.0
frame_1400	0.0	-5000.043	-1000.0
frame_1401	0.0	-5000.043	-1000.0
frame_1402	0.0	-5000.043	-1000.0
frame_1403	0.0	-5000.043	-1000.0
frame_1404	0.0	-5000.0419999999995	-1000.0
frame_1405	0.0	-5000.0419999999995	-1000.0
frame_1406	0.0	-5000.043	-1000.0
frame_1407	0.0	-5000.043	-1000.0
frame_1408	0.0	-5000.043	-1000.0
frame_1409	0.0	-5000.043	-1000.0
frame_1410	0.0	-5000.044	-1000.0
frame_1411	0.0	-5000.044	-1000.0
frame_1412	0.0	-5000.044	-1000.0
frame_1413	0.0	-5000.044	-1000.0
frame_1414	0.0	-5000.045	-1000.0
frame_1415	0.0	-5000.045	-1000.0
frame_1416	0.0	-5000.044	-1000.0
frame_1417	0.0	-5000.044	-1000.0
frame_1418	0.0	-5000.045	-1000.0
frame_1419	0.0	-5000.045	-1000.0
frame_1420	0.0	-5000.045	-1000.0
frame_1421	0.0	-5000.045	-1000.0
frame_1422	0.0	-5000.045	-1000.0
frame_1423	0.0	-5000.045	-1000.0
frame_1424	0.0	-5000.045	-1000.0
frame_1425	0.0	-5000.045	-1000.0
frame_1426	0.0	-5000.045	-1000.0
frame_1427	0.0	-5000.045	-1000.0
frame_1428	0.0	-5000.045	-1000.0
frame_1429	0.0	-5000.044	-1000.0
frame_1430	0.0	-5000.044	-1000.0
frame_1431	0.0	-5000.044	-1000.0
frame_1432	0.0	-5000.044	-1000.0
frame_1433	0.0	-5000.044	-1000.0
frame_1434	0.0	-5000.044	-1000.0
frame_1435	0.0	-5000.044	-1000.0
frame_1436	0.0	-5000.044	-1000.0
frame_1437	0.0	-5000.044	-1000.0
frame_1438	0.0	-5000.044	-1000.0
frame_1439	0.0	-5000.044	-1000.0
frame_1440	0.0	-5000.045	-1000.0
frame_1441	0.0	-5000.045	-1000.0
frame_1442	0.0	-5000.045	-1000.0
frame_1443	0.0	-5000.045	-1000.0
frame_1444	0.0	-5000.046	-1000.0
frame_1445	0.0	-5000.046	-1000.0
frame_1446	0.0	-5000.046	-1000.0
frame_1447	0.0	-5000.046	-1000.0
frame_1448	0.0	-5000.046	-1000.0
frame_1449	0.0	-5000.045	-1000.0
frame_1450	0.0	-5000.045	-1000.0
frame_1451	0.0	-5000.045	-1000.0
frame_1452	0.0	-5000.045	-1000.0
frame_1453	0.0	-5000.044	-1000.0
frame_1454	0.0	-5000.044	-1000.0
frame_1455	0.0	-5000.044	-1000.0
frame_1456	0.0	-5000.044	-1000.0
frame_1457	0.0	-5000.044	-1000.0
frame_1458	0.0	-5000.044	-1000.0
frame_1459	0.0	-5000.044	-1000.0
frame_1460	0.0	-5000.044	-1000.0
frame_1461	0.0	-5000.044	-1000.0
frame_1462	0.0	-5000.044	-1000.0
frame_1463	0.0	-5000.044	-1000.0
frame_1464	0.0	-5000.044	-1000.0
frame_1465	0.0	-5000.044	-1000.0
frame_1466	0.0	-5000.044	-1000.0
frame_1467	0.0	-5000.044	-1000.0
frame_1468	0.0	-5000.045	-1000.0
frame_1469	0.0	-5000.045	-1000.0
frame_1470	0.0	-5000.045	-1000.0
frame_1471	0.0	-5000.045	-1000.0
frame_1472	-0.0	-5000.045	-1000.0
frame_1473	-0.0	-5000.045	-1000.0
frame_1474	-0.0	-5000.045	-1000.0
frame_1475	-0.0	-5000.045	-1000.0
frame_1476	0.0	-5000.045	-1000.0
frame_1477	0.0	-5000.045	-1000.0
frame_1478	-0.0	-5000.045	-1000.0
frame_1479	-0.0	-5000.045	-1000.0
frame_1480	-0.0	-5000.045	-1000.0
frame_1481	-0.0	-5000.045	-1000.0
frame_1482	-0.0	-5000.045	-1000.0
frame_1483	-0.0	-5000.045	-1000.0
frame_1484	-0.0	-5000.045	-1000.0
frame_1485	-0.0	-5000.046	-1000.0
frame_1486	-0.0	-5000.046	-1000.0
frame_1487	-0.0	-5000.046	-1000.0
frame_1488	-0.0	-5000.046	-1000.0
frame_1489	-0.0	-5000.0470000000005	-1000.0
frame_1490	-0.0	-5000.0470000000005	-1000.0
frame_1491	-0.0	-5000.0470000000005	-1000.0
frame_1492	-0.0	-5000.0470000000005	-1000.0
frame_1493	-0.0	-5000.048	-1000.0
frame_1494	-0.0	-5000.048	-1000.0
frame_1495	-0.0	-5000.048	-1000.0
frame_1496	-0.0	-5000.048	-1000.0
frame_1497	-0.0	-5000.048	-1000.0
frame_1498	-0.0	-5000.048	-1000.0
frame_1499	-0.0	-5000.048	-1000.0
frame_1500	-0.0	-5000.048	-1000.0
frame_1501	-0.0	-5000.048	-1000.0
frame_1502	-0.0	-5000.048	-1000.0
frame_1503	-0.0	-5000.048	-1000.0
frame_1504	-0.0	-5000.048	-1000.0
frame_1505	-0.0	-5000.048	-1000.0
frame_1506	-0.0	-5000.0470000000005	-1000.0
frame_1507	-0.0	-5000.0470000000005	-1000.0
frame_1508	-0.0	-5000.0470000000005	-1000.0
frame_1509	-0.0	-5000.0470000000005	-1000.0
frame_1510	-0.0	-5000.0470000000005	-1000.0
frame_1511	-0.0	-5000.0470000000005	-1000.0
frame_1512	-0.0	-5000.0470000000005	-1000.0
frame_1513	-0.0	-5000.0470000000005	-1000.0
frame_1514	-0.0	-5000.0470000000005	-1000.0
frame_1515	-0.0	-5000.046	-1000.0
frame_1516	-0.0	-5000.046	-1000.0
frame_1517	-0.0	-5000.046	-1000.0
frame_1518	-0.0	-5000.046	-1000.0
frame_1519	-0.0	-5000.0470000000005	-1000.0
frame_1520	-0.0	-5000.0470000000005	-1000.0
frame_1521	-0.0	-5000.0470000000005	-1000.0
frame_1522	-0.0	-5000.0470000000005	-1000.0
frame_1523	-0.0	-5000.0470000000005	-1000.0
frame_1524	-0.0	-5000.0470000000005	-919.9999999999999
frame_1525	-0.0	-5000.0470000000005	-819.9999999999999
frame_1526	-0.0	-5000.0470000000005	-719.9999999999998
frame_1527	-0.0	-5000.0470000000005	-619.9999999999997
frame_1528	-0.0	-5000.046	-519.9999999999995
frame_1529	-0.0	-5000.046	-419.9999999999995
frame_1530	-0.0	-5000.046	-319.9999999999994
frame_1531	-0.0	-5000.046	-219.99999999999937
frame_1532	-0.0	-5000.0470000000005	-119.9999999999994
frame_1533	-0.0	-5000.0470000000005	-19.999999999999382
frame_1534	-0.0	-5000.0470000000005	80.00000000000063
frame_1535	-0.0	-5000.0470000000005	180.0000000000006
frame_1536	-0.0	-5000.0470000000005	280.00000000000057
frame_1537	-0.0	-5000.0470000000005	380.0000000000007
frame_1538	-0.0	-5000.0470000000005	480.00000000000074
frame_1539	-0.0	-5000.046	580.0000000000008
frame_1540	-0.0	-5000.046	680.0000000000009
frame_1541	-0.0	-5000.048	780.000000000001
frame_1542	-0.0	-5000.048	880.0000000000011
frame_1543	-0.0	-5000.048	980.0000000000013
frame_1544	0.0	-5000.048	1000.0
frame_1545	0.0	-5000.048	1000.0
frame_1546	0.0	-5000.048	1000.0
frame_1547	0.0	-5000.049	1000.0
frame_1548	0.0	-5000.049	1000.0
frame_1549	0.0	-5000.049	1000.0
frame_1550	0.0	-5000.049	1000.0
frame_1551	0.0	-5000.048	1000.0
frame_1552	0.0	-5000.048	1000.0
frame_1553	0.0	-5000.048	1000.0
frame_1554	0.0	-5000.048	1000.0
frame_1555	0.0	-5000.048	1000.0
frame_1556	0.0	-5000.048	1000.0
frame_1557	0.0	-5000.048	1000.0
frame_1558	0.0	-5000.048	1000.0
frame_1559	0.0	-5000.048	1000.0
frame_1560	0.0	-5000.048	1000.0
frame_1561	0.0	-5000.048	1000.0
frame_1562	0.0	-5000.048	1000.0
frame_1563	0.0	-5000.048	1000.0
frame_1564	0.0	-5000.048	1000.0
frame_1565	0.0	-5000.048	1000.0
frame_1566	0.0	-5000.048	1000.0
frame_1567	-0.0	-5000.048	1000.0
frame_1568	-0.0	-5000.048	1000.0
frame_1569	-0.0	-5000.049	1000.0
frame_1570	-0.0	-5000.049	1000.0
frame_1571	-0.0	-5000.049	1000.0
frame_1572	-0.0	-5000.049	1000.0
frame_1573	-0.0	-5000.049	1000.0
frame_1574	-0.0	-5000.049	1000.0
frame_1575	-0.0	-5000.048	1000.0
frame_1576	-0.0	-5000.048	1000.0
frame_1577	0.0	-5000.048	1000.0
frame_1578	0.0	-5000.048	1000.0
frame_1579	0.0	-5000.048	1000.0
frame_1580	0.0	-5000.048	1000.0
frame_1581	0.0	-5000.048	1000.0
frame_1582	0.0	-5000.048	1000.0
frame_1583	0.0	-5000.048	1000.0
frame_1584	0.0	-5000.049	1000.0
frame_1585	0.0	-5000.049	1000.0
frame_1586	0.0	-5000.049	1000.0
frame_1587	0.0	-5000.049	1000.0
frame_1588	0.0	-5000.049	1000.0
frame_1589	0.0	-5000.049	1000.0
frame_1590	0.0	-5000.049	1000.0
frame_1591	0.0	-5000.049	1000.0
frame_1592	0.0	-5000.049	1000.0
frame_1593	0.0	-5000.049	1000.0
frame_1594	0.0	-5000.05	1000.0
frame_1595	0.0	-5000.05	1000.0
frame_1596	0.0	-5000.051	1000.0
frame_1597	0.0	-5000.051	1000.0
frame_1598	0.0	-5000.051	1000.0
frame_1599	0.0	-5000.051	1000.0
frame_1600	0.0	-5000.051	1000.0
frame_1601	0.0	-5000.05	1000.0
frame_1602	0.0	-5000.05	1000.0
frame_1603	0.0	-5000.051	1000.0
frame_1604	0.0	-5000.051	1000.0
frame_1605	0.0	-5000.051	1000.0
frame_1606	0.0	-5000.051	1000.0
frame_1607	0.0	-5000.051	1000.0
frame_1608	0.0	-5000.051	1000.0
frame_1609	0.0	-5000.051	1000.0
frame_1610	0.0	-5000.051	1000.0
frame_1611	0.0	-5000.05	1000.0
frame_1612	0.0	-5000.05	1000.0
frame_1613	0.0	-5000.05	1000.0
frame_1614	0.0	-5000.05	1000.0
frame_1615	0.0	-5000.05	1000.0
frame_1616	0.0	-5000.051	1000.0
frame_1617	0.0	-5000.051	1000.0
frame_1618	0.0	-5000.05	1000.0
frame_1619	0.0	-5000.05	1000.0
frame_1620	0.0	-5000.05	1000.0
frame_1621	0.0	-5000.05	1000.0
frame_1622	0.0	-5000.05	1000.0
frame_1623	0.0	-5000.05	1000.0
frame_1624	0.0	-5000.05	1000.0
frame_1625	0.0	-5000.05	1000.0
frame_1626	0.0	-5000.05	1000.0
frame_1627	0.0	-5000.05	1000.0
frame_1628	0.0	-5000.05	1000.0
frame_1629	0.0	-5000.05	1000.0
frame_1630	0.0	-5000.05	1000.0
frame_1631	0.0	-5000.05	1000.0
frame_1632	0.0	-5000.05	1000.0
frame_1633	0.0	-5000.05	1000.0
frame_1634	0.0	-5000.05	1000.0
frame_1635	0.0	-5000.05	1000.0
frame_1636	0.0	-5000.05	1000.0
frame_1637	0.0	-5000.049	1000.0
frame_1638	0.0	-5000.049	1000.0
frame_1639	0.0	-5000.049	1000.0
frame_1640	0.0	-5000.049	1000.0
frame_1641	0.0	-5000.049	1000.0
frame_1642	0.0	-5000.048	1000.0
frame_1643	0.0	-5000.048	1000.0
frame_1644	0.0	-5000.049	1000.0
frame_1645	0.0	-5000.049	1000.0
frame_1646	0.0	-5000.049	1000.0
frame_1647	0.0	-5000.049	1000.0
frame_1648	0.0	-5000.049	1000.0
frame_1649	0.0	-5000.049	1000.0
frame_1650	0.0	-5000.05	1000.0
frame_1651	0.0	-5000.05	1000.0
frame_1652	0.0	-5000.05	1000.0
frame_1653	0.0	-5000.05	1000.0
frame_1654	0.0	-5000.05	1000.0
frame_1655	0.0	-5000.05	1000.0
frame_1656	0.0	-5000.051	1000.0
frame_1657	0.0	-5000.051	1000.0
frame_1658	0.0	-5000.051	1000.0
frame_1659	0.0	-5000.051	1000.0
frame_1660	0.0	-5000.051	1000.0
frame_1661	0.0	-5000.05	1000.0
frame_1662	0.0	-5000.05	1000.0
frame_1663	0.0	-5000.05	1000.0
frame_1664	0.0	-5000.05	1000.0
frame_1665	0.0	-5000.051	1000.0
frame_1666	0.0	-5000.051	1000.0
frame_1667	0.0	-5000.051	1000.0
frame_1668	0.0	-5000.051	1000.0
frame_1669	0.0	-5000.051	1000.0
frame_1670	0.0	-5000.051	1000.0
frame_1671	0.0	-5000.051	1000.0
frame_1672	0.0	-5000.051	1000.0
frame_1673	0.0	-5000.051	1000.0
frame_1674	0.0	-5000.051	1000.0
frame_1675	0.0	-5000.051	1000.0
frame_1676	0.0	-5000.052000000001	1000.0
frame_1677	0.0	-5000.052000000001	1000.0
frame_1678	0.0	-5000.052000000001	1000.0
frame_1679	0.0	-5000.052000000001	1000.0
frame_1680	0.0	-5000.051	1000.0
frame_1681	0.0	-5000.051	1000.0
frame_1682	0.0	-5000.051	1000.0
frame_1683	0.0	-5000.051	1000.0
frame_1684	0.0	-5000.051	1000.0
frame_1685	0.0	-5000.051	1000.0
frame_1686	0.0	-5000.051	1000.0
frame_1687	0.0	-5000.051	1000.0
frame_1688	0.0	-5000.051	1000.0
frame_1689	0.0	-5000.051	1000.0
frame_1690	0.0	-5000.051	1000.0
frame_1691	0.0	-5000.051	1000.0
frame_1692	0.0	-5000.051	1000.0
frame_1693	0.0	-5000.051	1000.0
frame_1694	0.0	-5000.051	1000.0
frame_1695	0.0	-5000.051	1000.0
frame_1696	0.0	-5000.051	1000.0
frame_1697	0.0	-5000.051	1000.0
frame_1698	0.0	-5000.051	1000.0
frame_1699	0.0	-5000.051	1000.0
frame_1700	0.0	-5000.051	1000.0
frame_1701	0.0	-5000.051	1000.0
frame_1702	0.0	-5000.051	1000.0
frame_1703	0.0	-5000.052000000001	1000.0
frame_1704	0.0	-5000.052000000001	1000.0
frame_1705	0.0	-5000.052000000001	1000.0
frame_1706	0.0	-5000.052000000001	1000.0
frame_1707	0.0	-5000.052000000001	1000.0
frame_1708	0.0	-5000.052000000001	1000.0
frame_1709	0.0	-5000.052000000001	1000.0
frame_1710	0.01	-5000.052000000001	1000.0
frame_1711	0.01	-5000.052000000001	1000.0
frame_1712	0.01	-5000.053	1000.0
frame_1713	0.01	-5000.053	1000.0
frame_1714	0.01	-5000.054	1000.0
frame_1715	0.01	-5000.054	1000.0
frame_1716	0.0	-5000.054	1000.0
frame_1717	0.0	-5000.054	1000.0
frame_1718	0.0	-5000.054	1000.0
frame_1719	0.0	-5000.054	1000.0
frame_1720	0.0	-5000.054	1000.0
frame_1721	0.0	-5000.054999999999	1000.0
frame_1722	0.0	-5000.054999999999	1000.0
frame_1723	0.0	-5000.054	1000.0
frame_1724	0.0	-5000.054	1000.0
frame_1725	0.0	-5000.054	1000.0
frame_1726	0.0	-5000.054	1000.0
frame_1727	0.0	-5000.054	1000.0
frame_1728	0.0	-5000.054	1000.0
frame_1729	0.0	-5000.054	1000.0
frame_1730	0.0	-5000.054	1000.0
frame_1731	0.01	-5000.054	1000.0
frame_1732	0.01	-5000.054	1000.0
frame_1733	0.01	-5000.054	1000.0
frame_1734	0.01	-5000.054	1000.0
frame_1735	0.01	-5000.054	1000.0
frame_1736	0.01	-5000.054	1000.0
frame_1737	0.01	-5000.054	1000.0
frame_1738	0.0	-5000.054999999999	1000.0
frame_1739	0.0	-5000.054999999999	1000.0
frame_1740	0.0	-5000.054999999999	1000.0
frame_1741	0.0	-5000.054999999999	1000.0
frame_1742	0.0	-5000.056	1000.0
frame_1743	0.0	-5000.056	1000.0
frame_1744	0.0	-5000.056	1000.0
frame_1745	0.0	-5000.056	1000.0
frame_1746	0.0	-5000.057	1000.0
frame_1747	0.0	-5000.057	1000.0
frame_1748	0.0	-5000.057	1000.0
frame_1749	0.0	-5000.057	1000.0
frame_1750	0.0	-5000.057	1000.0
frame_1751	0.01	-5000.058	1000.0
frame_1752	0.01	-5000.058	1000.0
frame_1753	0.01	-5000.058	1000.0
frame_1754	0.01	-5000.058	1000.0
frame_1755	0.0	-5000.058	1000.0
frame_1756	0.0	-5000.058	1000.0
