frame_0	0.01	-5000.064	1000.0
frame_1	0.01	-5000.064	1000.0
frame_2	0.01	-5000.064	1000.0
frame_3	0.01	-5000.064	1000.0
frame_4	0.01	-5000.064	1000.0
frame_5	0.0	-5000.064	1000.0
frame_6	0.0	-5000.064	1000.0
frame_7	0.0	-5000.0650000000005	1000.0
frame_8	0.0	-5000.0650000000005	1000.0
frame_9	0.01	-5000.0650000000005	1000.0
frame_10	0.01	-5000.0650000000005	1000.0
frame_11	0.01	-5000.0650000000005	1000.0
frame_12	0.01	-5000.0650000000005	1000.0
frame_13	0.01	-5000.0650000000005	1000.0
frame_14	0.01	-5000.0650000000005	1000.0
frame_15	0.0	-5000.064	1000.0
frame_16	0.0	-5000.064	1000.0
frame_17	0.0	-5000.064	1000.0
frame_18	0.0	-5000.064	1000.0
frame_19	0.0	-5000.064	1000.0
frame_20	0.0	-5000.0650000000005	1000.0
frame_21	0.0	-5000.0650000000005	1000.0
frame_22	0.0	-5000.066000000001	1000.0
frame_23	0.0	-5000.066000000001	1000.0
frame_24	0.0	-5000.066000000001	1000.0
frame_25	0.0	-5000.066000000001	1000.0
frame_26	0.0	-5000.066000000001	1000.0
frame_27	0.0	-5000.066000000001	1000.0
frame_28	0.0	-5000.066000000001	1000.0
frame_29	0.0	-5000.066000000001	1000.0
frame_30	0.0	-5000.066000000001	1000.0
frame_31	0.0	-5000.066000000001	1000.0
frame_32	0.0	-5000.067	1000.0
frame_33	0.0	-5000.067	1000.0
frame_34	0.0	-5000.067	1000.0
frame_35	0.0	-5000.067	1000.0
frame_36	0.0	-5000.067	1000.0
frame_37	0.0	-5000.067	1000.0
frame_38	0.0	-5000.067	1000.0
frame_39	0.0	-5000.066000000001	1000.0
frame_40	0.0	-5000.066000000001	1000.0
frame_41	0.0	-5000.0650000000005	1000.0
frame_42	0.0	-5000.0650000000005	1000.0
frame_43	0.0	-5000.0650000000005	1000.0
frame_44	0.0	-5000.0650000000005	1000.0
frame_45	0.0	-5000.0650000000005	1000.0
frame_46	0.0	-5000.0650000000005	1000.0
frame_47	0.0	-5000.0650000000005	1000.0
frame_48	0.0	-5000.0650000000005	1000.0
frame_49	0.0	-5000.064	1000.0
frame_50	0.0	-5000.064	1000.0
frame_51	0.0	-5000.064	1000.0
frame_52	0.0	-5000.064	1000.0
frame_53	0.0	-5000.0650000000005	1000.0
frame_54	0.0	-5000.0650000000005	1000.0
frame_55	0.0	-5000.0650000000005	1000.0
frame_56	0.01	-5000.0650000000005	1000.0
frame_57	0.01	-5000.0650000000005	1000.0
frame_58	0.01	-5000.0650000000005	1000.0
frame_59	0.01	-5000.0650000000005	1000.0
frame_60	0.0	-5000.064	1000.0
frame_61	0.0	-5000.064	1000.0
frame_62	0.0	-5000.0650000000005	1000.0
frame_63	0.0	-5000.0650000000005	1000.0
frame_64	0.0	-5000.0650000000005	1000.0
frame_65	0.0	-5000.0650000000005	1000.0
frame_66	0.01	-5000.066000000001	1000.0
frame_67	0.01	-5000.066000000001	1000.0
frame_68	0.01	-5000.066000000001	1000.0
frame_69	0.01	-5000.0650000000005	1000.0
frame_70	0.01	-5000.0650000000005	1000.0
frame_71	0.0	-5000.0650000000005	1000.0
frame_72	0.0	-5000.0650000000005	1000.0
frame_73	0.0	-5000.0650000000005	1000.0
frame_74	0.0	-5000.0650000000005	1000.0
frame_75	0.0	-5000.066000000001	1000.0
frame_76	0.0	-5000.066000000001	1000.0
frame_77	0.0	-5000.066000000001	1000.0
frame_78	0.0	-5000.066000000001	1000.0
frame_79	0.0	-5000.066000000001	1000.0
frame_80	0.0	-5000.066000000001	1000.0
frame_81	0.0	-5000.067	1000.0
frame_82	0.0	-5000.067	1000.0
frame_83	0.0	-5000.067	1000.0
frame_84	0.0	-5000.067	1000.0
frame_85	0.0	-5000.067	1000.0
frame_86	0.0	-5000.067999999999	1000.0
frame_87	0.0	-5000.067999999999	1000.0
frame_88	0.0	-5000.067999999999	1000.0
frame_89	0.0	-5000.067999999999	1000.0
frame_90	0.0	-5000.067999999999	1000.0
frame_91	0.0	-5000.067999999999	1000.0
frame_92	0.0	-5000.067999999999	1000.0
frame_93	0.0	-5000.067999999999	1000.0
frame_94	0.01	-5000.0689999999995	1000.0
frame_95	0.01	-5000.0689999999995	1000.0
frame_96	0.0	-5000.0689999999995	1000.0
frame_97	0.0	-5000.0689999999995	1000.0
frame_98	0.0	-5000.0689999999995	1000.0
frame_99	0.0	-5000.0689999999995	1000.0
frame_100	0.0	-5000.0689999999995	1000.0
frame_101	0.0	-5000.0689999999995	1000.0
frame_102	0.0	-5000.0689999999995	1000.0
frame_103	0.0	-5000.067999999999	1000.0
frame_104	0.0	-5000.067999999999	1000.0
frame_105	0.0	-5000.0689999999995	1000.0
frame_106	0.0	-5000.0689999999995	1000.0
frame_107	0.0	-5000.0689999999995	1000.0
frame_108	0.0	-5000.0689999999995	1000.0
frame_109	0.0	-5000.07	1000.0
frame_110	0.0	-5000.07	1000.0
frame_111	0.01	-5000.071	1000.0
frame_112	0.01	-5000.071	1000.0
frame_113	0.0	-5000.071	1000.0
frame_114	0.0	-5000.071	1000.0
frame_115	0.0	-5000.071	1000.0
frame_116	0.01	-5000.071	1000.0
frame_117	0.01	-5000.071	1000.0
frame_118	0.01	-5000.071	1000.0
frame_119	0.01	-5000.071	1000.0
frame_120	0.01	-5000.071	1000.0
frame_121	0.01	-5000.071	1000.0
frame_122	0.01	-5000.072	1000.0
frame_123	0.01	-5000.072	1000.0
frame_124	0.01	-5000.072	1000.0
frame_125	0.01	-5000.072	1000.0
frame_126	0.01	-5000.072	1000.0
frame_127	0.01	-5000.072	1000.0
frame_128	0.01	-5000.072	1000.0
frame_129	0.01	-5000.072	1000.0
frame_130	0.01	-5000.072	1000.0
frame_131	0.01	-5000.072	1000.0
frame_132	0.01	-5000.072	1000.0
frame_133	0.01	-5000.072	1000.0
frame_134	0.01	-5000.072	1000.0
frame_135	0.01	-5000.072	1000.0
frame_136	0.01	-5000.072	1000.0
frame_137	0.01	-5000.072	1000.0
frame_138	0.01	-5000.072	1000.0
frame_139	0.01	-5000.072	1000.0
frame_140	0.01	-5000.072	1000.0
frame_141	0.01	-5000.072	1000.0
frame_142	0.01	-5000.072	1000.0
frame_143	0.01	-5000.072	1000.0
frame_144	0.01	-5000.072	1000.0
frame_145	0.01	-5000.072	1000.0
frame_146	0.01	-5000.072	1000.0
frame_147	0.01	-5000.072	1000.0
frame_148	0.01	-5000.072	1000.0
frame_149	0.01	-5000.072	1000.0
frame_150	0.01	-5000.072	1000.0
frame_151	0.01	-5000.072	1000.0
frame_152	0.01	-5000.071	1000.0
frame_153	0.01	-5000.071	1000.0
frame_154	0.01	-5000.071	1000.0
frame_155	0.01	-5000.071	1000.0
frame_156	5.541999999999999	-5000.071	980.6210588235294
frame_157	33.202	-5000.071	883.7263529411767
frame_158	60.86200000000001	-5000.071	786.831647058824
frame_159	88.52199999999999	-5000.071	689.9369411764714
frame_160	116.18199999999996	-5000.071	593.0422352941185
frame_161	143.84199999999998	-5000.071	496.14752941176584
frame_162	171.50200000000004	-5000.071	399.2528235294128
frame_163	199.1620000000001	-5000.071	302.3581176470598
frame_164	226.82200000000014	-5000.071	205.46341176470685
frame_165	254.48200000000014	-5000.071	108.56870588235385
frame_166	282.14200000000005	-5000.071	11.674000000000934
frame_167	309.80199999999996	-5000.071	-85.220705882352
frame_168	337.4619999999999	-5000.071	-182.1154117647049
frame_169	365.1219999999998	-5000.071	-279.0101176470579
frame_170	392.7819999999997	-5000.071	-375.9048235294109
frame_171	420.4419999999996	-5000.072	-472.7995294117639
frame_172	448.1019999999995	-5000.072	-569.6942352941167
frame_173	470.22999999999996	-5000.071	-647.2099999999999
frame_174	470.22999999999996	-5000.071	-647.2099999999999
frame_175	470.22999999999996	-5000.071	-647.2099999999999
frame_176	470.22999999999996	-5000.071	-647.2099999999999
frame_177	470.22999999999996	-5000.071	-647.2099999999999
frame_178	470.22999999999996	-5000.072	-647.2099999999999
frame_179	470.22999999999996	-5000.072	-647.2099999999999
frame_180	470.22999999999996	-5000.073	-647.2099999999999
frame_181	470.22999999999996	-5000.073	-647.2099999999999
frame_182	470.22999999999996	-5000.073	-647.2099999999999
frame_183	470.22999999999996	-5000.073	-647.2099999999999
frame_184	470.22999999999996	-5000.073	-647.2099999999999
frame_185	470.22999999999996	-5000.073	-647.2099999999999
frame_186	470.22999999999996	-5000.073	-647.2099999999999
frame_187	470.22999999999996	-5000.073	-647.2099999999999
frame_188	470.22999999999996	-5000.073	-647.2099999999999
frame_189	470.22999999999996	-5000.073	-647.2099999999999
frame_190	470.22999999999996	-5000.073	-647.2099999999999
frame_191	470.22999999999996	-5000.073	-647.2099999999999
frame_192	470.22999999999996	-5000.073	-647.2099999999999
frame_193	470.22999999999996	-5000.073	-647.2099999999999
frame_194	470.22999999999996	-5000.073	-647.2099999999999
frame_195	470.22999999999996	-5000.073	-647.2099999999999
frame_196	470.22999999999996	-5000.073	-647.2099999999999
frame_197	470.22999999999996	-5000.073	-647.2099999999999
frame_198	470.22999999999996	-5000.073	-647.2099999999999
frame_199	470.22999999999996	-5000.073	-647.2099999999999
frame_200	470.22999999999996	-5000.073	-647.2099999999999
frame_201	470.22999999999996	-5000.073	-647.2099999999999
frame_202	470.22999999999996	-5000.073	-647.2099999999999
frame_203	470.22999999999996	-5000.073	-647.2099999999999
frame_204	470.22999999999996	-5000.073	-647.2099999999999
frame_205	470.22999999999996	-5000.074	-647.2099999999999
frame_206	470.22999999999996	-5000.074	-647.2099999999999
frame_207	470.22999999999996	-5000.074	-647.2099999999999
frame_208	470.22999999999996	-5000.073	-647.2099999999999
frame_209	470.22999999999996	-5000.073	-647.2099999999999
frame_210	470.22999999999996	-5000.072	-647.2099999999999
frame_211	470.22999999999996	-5000.072	-647.2099999999999
frame_212	470.22999999999996	-5000.072	-647.2099999999999
frame_213	470.22999999999996	-5000.072	-647.2099999999999
frame_214	470.22999999999996	-5000.072	-647.2099999999999
frame_215	470.22999999999996	-5000.072	-647.2099999999999
frame_216	470.22999999999996	-5000.072	-647.2099999999999
frame_217	470.22999999999996	-5000.072	-647.2099999999999
frame_218	470.22999999999996	-5000.073	-647.2099999999999
frame_219	470.22999999999996	-5000.073	-647.2099999999999
frame_220	470.22999999999996	-5000.073	-647.2099999999999
frame_221	470.22999999999996	-5000.073	-647.2099999999999
frame_222	470.22999999999996	-5000.073	-647.2099999999999
frame_223	470.22999999999996	-5000.073	-647.2099999999999
frame_224	470.22999999999996	-5000.073	-647.2099999999999
frame_225	470.22999999999996	-5000.074	-647.2099999999999
frame_226	470.22999999999996	-5000.074	-647.2099999999999
frame_227	470.22999999999996	-5000.074	-647.2099999999999
frame_228	470.22999999999996	-5000.074	-647.2099999999999
frame_229	470.22999999999996	-5000.074	-647.2099999999999
frame_230	470.22999999999996	-5000.074	-647.2099999999999
frame_231	470.22999999999996	-5000.074	-647.2099999999999
frame_232	470.22999999999996	-5000.074	-647.2099999999999
frame_233	470.22999999999996	-5000.075	-647.2099999999999
frame_234	470.22999999999996	-5000.075	-647.2099999999999
frame_235	470.22999999999996	-5000.075	-647.2099999999999
frame_236	470.22999999999996	-5000.075	-647.2099999999999
frame_237	470.22999999999996	-5000.076	-647.2099999999999
frame_238	470.22999999999996	-5000.076	-647.2099999999999
frame_239	470.22999999999996	-5000.076	-647.2099999999999
frame_240	470.22999999999996	-5000.075	-647.2099999999999
frame_241	470.22999999999996	-5000.075	-647.2099999999999
frame_242	470.22999999999996	-5000.075	-647.2099999999999
frame_243	470.22999999999996	-5000.075	-647.2099999999999
frame_244	470.22999999999996	-5000.075	-647.2099999999999
frame_245	470.22999999999996	-5000.075	-647.2099999999999
frame_246	470.22999999999996	-5000.075	-647.2099999999999
frame_247	470.22999999999996	-5000.075	-647.2099999999999
frame_248	470.22999999999996	-5000.076	-647.2099999999999
frame_249	470.22999999999996	-5000.076	-647.2099999999999
frame_250	470.22999999999996	-5000.076	-647.2099999999999
frame_251	470.22999999999996	-5000.076	-647.2099999999999
frame_252	470.22999999999996	-5000.076	-647.2099999999999
frame_253	470.22999999999996	-5000.076	-647.2099999999999
frame_254	470.22999999999996	-5000.076	-647.2099999999999
frame_255	470.22999999999996	-5000.076	-647.2099999999999
frame_256	470.22999999999996	-5000.076	-647.2099999999999
frame_257	470.22999999999996	-5000.076	-647.2099999999999
frame_258	470.22999999999996	-5000.076	-647.2099999999999
frame_259	470.22999999999996	-5000.076	-647.2099999999999
frame_260	470.22999999999996	-5000.076	-647.2099999999999
frame_261	470.22999999999996	-5000.077	-647.2099999999999
frame_262	470.22999999999996	-5000.077	-647.2099999999999
frame_263	470.22999999999996	-5000.077	-647.2099999999999
frame_264	470.22999999999996	-5000.077	-647.2099999999999
frame_265	470.22999999999996	-5000.077	-647.2099999999999
frame_266	470.22999999999996	-5000.077	-647.2099999999999
frame_267	470.22999999999996	-5000.077	-647.2099999999999
frame_268	470.22999999999996	-5000.077	-647.2099999999999
frame_269	470.22999999999996	-5000.077	-647.2099999999999
frame_270	470.22999999999996	-5000.077	-647.2099999999999
frame_271	470.22999999999996	-5000.077	-647.2099999999999
frame_272	470.22999999999996	-5000.077	-647.2099999999999
frame_273	470.22999999999996	-5000.077	-647.2099999999999
frame_274	470.22999999999996	-5000.078	-647.2099999999999
frame_275	470.22999999999996	-5000.078	-647.2099999999999
frame_276	470.22999999999996	-5000.078	-647.2099999999999
frame_277	470.22999999999996	-5000.078	-647.2099999999999
frame_278	470.22999999999996	-5000.079000000001	-647.2099999999999
frame_279	470.22999999999996	-5000.079000000001	-647.2099999999999
frame_280	470.22999999999996	-5000.08	-647.2099999999999
frame_281	470.22999999999996	-5000.08	-647.2099999999999
frame_282	470.22999999999996	-5000.081	-647.2099999999999
frame_283	470.22999999999996	-5000.081	-647.2099999999999
frame_284	470.22999999999996	-5000.082	-647.2099999999999
frame_285	470.22999999999996	-5000.082	-647.2099999999999
frame_286	470.22999999999996	-5000.082	-647.2099999999999
frame_287	470.22999999999996	-5000.082	-647.2099999999999
frame_288	470.22999999999996	-5000.082	-647.2099999999999
frame_289	470.22999999999996	-5000.082	-647.2099999999999
frame_290	470.22999999999996	-5000.082	-647.2099999999999
frame_291	470.22999999999996	-5000.082	-647.2099999999999
frame_292	470.22999999999996	-5000.082	-647.2099999999999
frame_293	470.22999999999996	-5000.082	-647.2099999999999
frame_294	470.22999999999996	-5000.082	-647.2099999999999
frame_295	470.22999999999996	-5000.082	-647.2099999999999
frame_296	470.22999999999996	-5000.082	-647.2099999999999
frame_297	470.22999999999996	-5000.082	-647.2099999999999
frame_298	470.22999999999996	-5000.082	-647.2099999999999
frame_299	470.22999999999996	-5000.082	-647.2099999999999
frame_300	470.22999999999996	-5000.082	-647.2099999999999
frame_301	470.22999999999996	-5000.082	-647.2099999999999
frame_302	470.22999999999996	-5000.082	-647.2099999999999
frame_303	470.22999999999996	-5000.082	-647.2099999999999
frame_304	470.22999999999996	-5000.082	-647.2099999999999
frame_305	470.22999999999996	-5000.082	-647.2099999999999
frame_306	470.22999999999996	-5000.082	-647.2099999999999
frame_307	470.22999999999996	-5000.082	-647.2099999999999
frame_308	470.22999999999996	-5000.082	-647.2099999999999
frame_309	470.22999999999996	-5000.082	-647.2099999999999
frame_310	470.22999999999996	-5000.082	-647.2099999999999
frame_311	470.22999999999996	-5000.082	-647.2099999999999
frame_312	470.22999999999996	-5000.082	-647.2099999999999
frame_313	470.22999999999996	-5000.082	-647.2099999999999
frame_314	470.22999999999996	-5000.083	-647.2099999999999
frame_315	470.22999999999996	-5000.083	-647.2099999999999
frame_316	470.22999999999996	-5000.083	-647.2099999999999
frame_317	470.22999999999996	-5000.083	-647.2099999999999
frame_318	470.22999999999996	-5000.083	-647.2099999999999
frame_319	470.22999999999996	-5000.084	-647.2099999999999
frame_320	470.22999999999996	-5000.084	-647.2099999999999
frame_321	470.24	-5000.084	-647.2099999999999
frame_322	470.24	-5000.084	-647.2099999999999
frame_323	470.24	-5000.084	-647.2099999999999
frame_324	470.24	-5000.084	-647.2099999999999
frame_325	470.24	-5000.084	-647.2099999999999
frame_326	470.24	-5000.084	-647.2099999999999
frame_327	470.24	-5000.084	-647.2099999999999
frame_328	470.24	-5000.084	-647.2099999999999
frame_329	470.24	-5000.083	-647.2099999999999
frame_330	470.24	-5000.083	-647.2099999999999
frame_331	470.24	-5000.083	-647.2099999999999
frame_332	470.24	-5000.083	-647.2099999999999
frame_333	470.24	-5000.083	-647.2099999999999
frame_334	470.24	-5000.083	-647.2099999999999
frame_335	470.24	-5000.083	-647.2099999999999
frame_336	470.24	-5000.083	-647.2099999999999
frame_337	470.24	-5000.083	-647.2099999999999
frame_338	470.24	-5000.083	-647.2099999999999
frame_339	470.24	-5000.083	-647.2099999999999
frame_340	470.24	-5000.083	-647.2099999999999
frame_341	470.24	-5000.083	-647.2099999999999
frame_342	470.24	-5000.083	-647.2099999999999
frame_343	470.24	-5000.083	-647.2099999999999
frame_344	470.24	-5000.083	-647.2099999999999
frame_345	470.24	-5000.083	-647.2099999999999
frame_346	470.24	-5000.083	-647.2099999999999
frame_347	470.24	-5000.083	-647.2099999999999
frame_348	470.24	-5000.083	-647.2099999999999
frame_349	470.24	-5000.083	-647.2099999999999
frame_350	458.484	-5000.083	-631.0297499999999
frame_351	399.70400000000006	-5000.083	-550.1284999999999
frame_352	340.9240000000001	-5000.083	-469.22724999999986
frame_353	282.1440000000002	-5000.083	-388.32599999999985
frame_354	223.36400000000023	-5000.083	-307.4247499999998
frame_355	164.5840000000003	-5000.083	-226.52349999999976
frame_356	105.80400000000031	-5000.083	-145.62224999999972
frame_357	47.0240000000003	-5000.083	-64.72099999999969
frame_358	-0.0	-5000.083	0.0
frame_359	-0.0	-5000.083	0.0
frame_360	-0.0	-5000.083	0.0
frame_361	-0.0	-5000.083	0.0
frame_362	-0.0	-5000.083	0.0
frame_363	-0.0	-5000.083	0.0
frame_364	-0.0	-5000.083	0.0
frame_365	-0.0	-5000.084	0.0
frame_366	-0.0	-5000.084	0.0
frame_367	-0.0	-5000.084	0.0
frame_368	-0.0	-5000.084	0.0
frame_369	-0.0	-5000.084	0.0
frame_370	-0.0	-5000.083	0.0
frame_371	-0.0	-5000.083	0.0
frame_372	-0.0	-5000.084	0.0
frame_373	-0.0	-5000.084	0.0
frame_374	0.0	-5000.084	0.0
frame_375	0.0	-5000.084	0.0
frame_376	0.0	-5000.084	0.0
frame_377	0.0	-5000.084	0.0
frame_378	0.0	-5000.084	0.0
frame_379	0.0	-5000.084	0.0
frame_380	0.0	-5000.084	0.0
frame_381	0.0	-5000.084	0.0
frame_382	0.0	-5000.084	0.0
frame_383	0.0	-5000.085	0.0
frame_384	0.0	-5000.085	0.0
frame_385	-0.0	-5000.085	0.0
frame_386	-0.0	-5000.085	0.0
frame_387	0.0	-5000.084	0.0
frame_388	0.0	-5000.084	0.0
frame_389	0.0	-5000.085	0.0
frame_390	0.0	-5000.085	0.0
frame_391	0.0	-5000.085	0.0
frame_392	0.0	-5000.085	0.0
frame_393	0.0	-5000.085	0.0
frame_394	0.0	-5000.085	0.0
frame_395	0.0	-5000.085	0.0
frame_396	0.0	-5000.085	0.0
frame_397	0.0	-5000.085	0.0
frame_398	0.0	-5000.085999999999	0.0
frame_399	0.0	-5000.085999999999	0.0
frame_400	0.0	-5000.085	0.0
frame_401	0.0	-5000.085	0.0
frame_402	0.0	-5000.085	0.0
frame_403	0.0	-5000.085	0.0
frame_404	0.0	-5000.085	0.0
frame_405	0.0	-5000.085	0.0
frame_406	0.0	-5000.084	0.0
frame_407	0.0	-5000.084	0.0
frame_408	0.0	-5000.084	0.0
frame_409	0.0	-5000.084	0.0
frame_410	0.0	-5000.084	0.0
frame_411	0.0	-5000.084	0.0
frame_412	0.0	-5000.084	0.0
frame_413	0.0	-5000.084	0.0
frame_414	0.0	-5000.084	0.0
frame_415	0.0	-5000.085	0.0
frame_416	0.0	-5000.085	0.0
frame_417	0.0	-5000.085	0.0
frame_418	0.0	-5000.085	0.0
frame_419	0.0	-5000.085	0.0
frame_420	0.0	-5000.085	0.0
frame_421	0.0	-5000.085	0.0
frame_422	0.0	-5000.085	0.0
frame_423	0.0	-5000.085	0.0
frame_424	0.0	-5000.085	0.0
frame_425	0.0	-5000.085	0.0
frame_426	0.0	-5000.084	0.0
frame_427	0.0	-5000.084	0.0
frame_428	0.0	-5000.085	0.0
frame_429	0.0	-5000.085	0.0
frame_430	0.0	-5000.085	0.0
frame_431	0.0	-5000.085	0.0
frame_432	0.0	-5000.085	0.0
frame_433	0.0	-5000.085	0.0
frame_434	0.0	-5000.085	0.0
frame_435	0.0	-5000.085	0.0
frame_436	0.0	-5000.085	0.0
frame_437	0.0	-5000.085	0.0
frame_438	0.0	-5000.085999999999	0.0
frame_439	0.0	-5000.085999999999	0.0
frame_440	0.0	-5000.085999999999	0.0
frame_441	0.0	-5000.0869999999995	0.0
frame_442	0.0	-5000.0869999999995	0.0
frame_443	0.0	-5000.088	0.0
frame_444	0.0	-5000.088	0.0
frame_445	0.0	-5000.088	0.0
frame_446	0.0	-5000.088	0.0
frame_447	0.0	-5000.088	0.0
frame_448	0.0	-5000.088	0.0
frame_449	0.0	-5000.088	0.0
frame_450	0.0	-5000.088	0.0
frame_451	0.0	-5000.088	0.0
frame_452	0.0	-5000.088	0.0
frame_453	0.0	-5000.088	0.0
frame_454	0.0	-5000.088	0.0
frame_455	0.0	-5000.088	0.0
frame_456	0.0	-5000.088	0.0
frame_457	0.0	-5000.088	0.0
frame_458	0.0	-5000.0869999999995	0.0
frame_459	0.0	-5000.0869999999995	0.0
frame_460	0.0	-5000.0869999999995	0.0
frame_461	0.0	-5000.0869999999995	0.0
frame_462	0.0	-5000.0869999999995	0.0
frame_463	0.0	-5000.0869999999995	0.0
frame_464	0.0	-5000.0869999999995	0.0
frame_465	0.0	-5000.0869999999995	0.0
frame_466	0.0	-5000.088	0.0
frame_467	0.0	-5000.088	0.0
frame_468	0.0	-5000.088	0.0
frame_469	0.0	-5000.088	0.0
frame_470	0.0	-5000.088	0.0
frame_471	0.0	-5000.088	0.0
frame_472	0.0	-5000.088	0.0
frame_473	0.0	-5000.088	0.0
frame_474	0.0	-5000.088	0.0
frame_475	0.0	-5000.0869999999995	0.0
frame_476	0.0	-5000.0869999999995	0.0
frame_477	0.0	-5000.0869999999995	-0.0
frame_478	0.0	-5000.0869999999995	-0.0
frame_479	0.0	-5000.0869999999995	-0.0
frame_480	0.0	-5000.0869999999995	-0.0
frame_481	0.0	-5000.0869999999995	0.0
frame_482	0.0	-5000.0869999999995	0.0
frame_483	0.0	-5000.0869999999995	0.0
frame_484	0.0	-5000.0869999999995	0.0
frame_485	0.0	-5000.0869999999995	0.0
frame_486	0.0	-5000.0869999999995	0.0
frame_487	0.0	-5000.0869999999995	0.0
frame_488	0.0	-5000.088	0.0
frame_489	0.0	-5000.088	0.0
frame_490	0.0	-5000.088	0.0
frame_491	0.0	-5000.088	0.0
frame_492	0.0	-5000.0869999999995	0.0
frame_493	0.0	-5000.0869999999995	0.0
frame_494	0.0	-5000.0869999999995	0.0
frame_495	0.0	-5000.0869999999995	0.0
frame_496	0.0	-5000.0869999999995	0.0
frame_497	0.0	-5000.0869999999995	0.0
frame_498	0.0	-5000.0869999999995	0.0
frame_499	0.0	-5000.0869999999995	0.0
frame_500	0.0	-5000.0869999999995	0.0
frame_501	0.0	-5000.0869999999995	0.0
frame_502	0.0	-5000.0869999999995	0.0
frame_503	0.0	-5000.088	0.0
frame_504	0.0	-5000.088	0.0
frame_505	0.0	-5000.0869999999995	0.0
frame_506	0.0	-5000.0869999999995	0.0
frame_507	0.0	-5000.0869999999995	0.0
frame_508	0.0	-5000.0869999999995	0.0
frame_509	0.0	-5000.088	0.0
frame_510	0.0	-5000.088	0.0
frame_511	0.0	-5000.0869999999995	0.0
frame_512	0.0	-5000.0869999999995	0.0
frame_513	0.0	-5000.0869999999995	0.0
frame_514	0.0	-5000.085999999999	0.0
frame_515	0.0	-5000.085999999999	0.0
frame_516	0.0	-5000.085999999999	0.0
frame_517	0.0	-5000.085999999999	0.0
frame_518	0.0	-5000.085999999999	0.0
frame_519	0.0	-5000.085999999999	0.0
frame_520	0.0	-5000.085999999999	0.0
frame_521	0.0	-5000.085999999999	0.0
frame_522	0.0	-5000.085999999999	0.0
frame_523	0.0	-5000.085999999999	0.0
frame_524	0.0	-5000.085999999999	0.0
frame_525	0.0	-5000.085999999999	0.0
frame_526	0.0	-5000.085999999999	0.0
frame_527	0.0	-5000.085	0.0
frame_528	0.0	-5000.085	0.0
frame_529	0.0	-5000.085	0.0
frame_530	0.0	-5000.085	0.0
frame_531	0.0	-5000.085999999999	0.0
frame_532	0.0	-5000.085999999999	0.0
frame_533	0.0	-5000.085	0.0
frame_534	0.0	-5000.085	0.0
frame_535	0.0	-5000.085	0.0
frame_536	0.0	-5000.085	0.0
frame_537	0.0	-5000.085	0.0
frame_538	0.0	-5000.085	0.0
frame_539	0.0	-5000.085999999999	0.0
frame_540	0.0	-5000.085999999999	0.0
frame_541	0.0	-5000.085999999999	0.0
frame_542	0.0	-5000.085999999999	0.0
frame_543	0.0	-5000.085999999999	0.0
frame_544	0.0	-5000.0869999999995	0.0
frame_545	0.0	-5000.0869999999995	0.0
frame_546	0.0	-5000.0869999999995	0.0
frame_547	0.0	-5000.0869999999995	0.0
frame_548	78.03487179487179	-5000.088	25.354871794871798
frame_549	175.5784615384615	-5000.088	57.04846153846155
frame_550	273.12205128205125	-5000.088	88.74205128205129
frame_551	370.665641025641	-5000.088	120.43564102564102
frame_552	468.2092307692307	-5000.088	152.1292307692308
frame_553	565.7528205128203	-5000.088	183.82282051282058
frame_554	663.2964102564098	-5000.088	215.51641025641038
frame_555	760.8399999999993	-5000.088	247.21000000000018
frame_556	760.8399999999999	-5000.088	247.21
frame_557	760.8399999999999	-5000.088	247.21
frame_558	760.85	-5000.088	247.21
frame_559	760.85	-5000.088	247.21
frame_560	760.85	-5000.0869999999995	247.21
frame_561	760.85	-5000.0869999999995	247.21
frame_562	760.85	-5000.0869999999995	247.21
frame_563	760.85	-5000.0869999999995	247.21
frame_564	760.85	-5000.0869999999995	247.21
frame_565	760.85	-5000.0869999999995	247.21
frame_566	760.85	-5000.0869999999995	247.21
frame_567	760.85	-5000.0869999999995	247.21
frame_568	760.85	-5000.0869999999995	247.21
frame_569	760.85	-5000.0869999999995	247.21
frame_570	760.85	-5000.0869999999995	247.21
frame_571	760.8399999999999	-5000.0869999999995	247.21
frame_572	760.8399999999999	-5000.0869999999995	247.21
frame_573	760.8399999999999	-5000.085999999999	247.21
frame_574	760.8399999999999	-5000.085999999999	247.21
frame_575	760.8399999999999	-5000.085999999999	247.21
frame_576	760.8399999999999	-5000.085999999999	247.21
frame_577	760.8399999999999	-5000.0869999999995	247.21
frame_578	760.8399999999999	-5000.0869999999995	247.21
frame_579	760.8399999999999	-5000.0869999999995	247.21
frame_580	760.85	-5000.0869999999995	247.21
frame_581	760.85	-5000.0869999999995	247.21
frame_582	760.85	-5000.0869999999995	247.21
frame_583	760.85	-5000.0869999999995	247.21
frame_584	760.8399999999999	-5000.0869999999995	247.21
frame_585	760.8399999999999	-5000.0869999999995	247.21
frame_586	760.8399999999999	-5000.0869999999995	247.21
frame_587	760.8399999999999	-5000.0869999999995	247.21
frame_588	760.8399999999999	-5000.0869999999995	247.21
frame_589	760.8399999999999	-5000.0869999999995	247.21
frame_590	760.8399999999999	-5000.0869999999995	247.21
frame_591	760.8399999999999	-5000.0869999999995	247.21
frame_592	760.8399999999999	-5000.0869999999995	247.21
frame_593	760.8399999999999	-5000.0869999999995	247.21
frame_594	760.8399999999999	-5000.0869999999995	247.21
frame_595	760.8399999999999	-5000.0869999999995	247.21
frame_596	760.8399999999999	-5000.0869999999995	247.21
frame_597	760.8399999999999	-5000.0869999999995	247.21
frame_598	760.8399999999999	-5000.0869999999995	247.21
frame_599	760.8399999999999	-5000.0869999999995	247.21
frame_600	760.8399999999999	-5000.0869999999995	247.21
frame_601	760.8399999999999	-5000.088	247.21
frame_602	760.8399999999999	-5000.088	247.21
frame_603	760.8399999999999	-5000.0869999999995	247.21
frame_604	760.8399999999999	-5000.0869999999995	247.21
frame_605	760.8399999999999	-5000.0869999999995	247.21
frame_606	760.8399999999999	-5000.0869999999995	247.21
frame_607	760.8399999999999	-5000.0869999999995	247.21
frame_608	760.8399999999999	-5000.088	247.21
frame_609	760.8399999999999	-5000.088	247.21
frame_610	760.8399999999999	-5000.088	247.21
frame_611	760.8399999999999	-5000.088	247.21
frame_612	760.8399999999999	-5000.088	247.21
frame_613	760.8399999999999	-5000.088	247.21
frame_614	760.8399999999999	-5000.089	247.21
frame_615	760.8399999999999	-5000.089	247.21
frame_616	760.8399999999999	-5000.088	247.21
frame_617	760.8399999999999	-5000.088	247.21
frame_618	760.8399999999999	-5000.088	247.21
frame_619	760.8399999999999	-5000.088	247.21
frame_620	760.8399999999999	-5000.088	247.21
frame_621	760.8399999999999	-5000.088	247.21
frame_622	760.8399999999999	-5000.088	247.21
frame_623	760.8399999999999	-5000.0869999999995	247.21
frame_624	760.8399999999999	-5000.0869999999995	247.21
frame_625	760.8399999999999	-5000.0869999999995	247.21
frame_626	760.8399999999999	-5000.0869999999995	247.21
frame_627	760.8399999999999	-5000.0869999999995	247.21
frame_628	760.8399999999999	-5000.0869999999995	247.21
frame_629	760.8399999999999	-5000.0869999999995	247.21
frame_630	760.8399999999999	-5000.0869999999995	247.21
frame_631	760.8399999999999	-5000.085999999999	247.21
frame_632	760.8399999999999	-5000.085999999999	247.21
frame_633	760.8399999999999	-5000.0869999999995	247.21
frame_634	760.8399999999999	-5000.0869999999995	247.21
frame_635	760.8399999999999	-5000.085999999999	247.21
frame_636	760.8399999999999	-5000.085999999999	247.21
frame_637	760.8399999999999	-5000.085999999999	247.21
frame_638	760.8399999999999	-5000.085999999999	247.21
frame_639	760.8399999999999	-5000.085999999999	247.21
frame_640	760.8399999999999	-5000.085999999999	247.21
frame_641	760.8399999999999	-5000.085999999999	247.21
frame_642	760.8399999999999	-5000.085999999999	247.21
frame_643	760.8399999999999	-5000.085999999999	247.21
frame_644	760.8399999999999	-5000.0869999999995	247.21
frame_645	760.8399999999999	-5000.0869999999995	247.21
frame_646	760.8399999999999	-5000.0869999999995	247.21
frame_647	760.8399999999999	-5000.0869999999995	247.21
frame_648	760.8399999999999	-5000.0869999999995	247.21
frame_649	760.8399999999999	-5000.0869999999995	247.21
frame_650	760.8399999999999	-5000.0869999999995	247.21
frame_651	760.8399999999999	-5000.0869999999995	247.21
frame_652	760.8399999999999	-5000.0869999999995	247.21
frame_653	760.8399999999999	-5000.088	247.21
frame_654	760.8399999999999	-5000.088	247.21
frame_655	760.8399999999999	-5000.088	247.21
frame_656	760.8399999999999	-5000.088	247.21
frame_657	760.8399999999999	-5000.088	247.21
frame_658	760.8399999999999	-5000.088	247.21
frame_659	760.8399999999999	-5000.089	247.21
frame_660	760.8399999999999	-5000.089	247.21
frame_661	760.8399999999999	-5000.089	247.21
frame_662	760.8399999999999	-5000.089	247.21
frame_663	760.8399999999999	-5000.089	247.21
frame_664	760.8399999999999	-5000.089	247.21
frame_665	760.8399999999999	-5000.09	247.21
frame_666	760.8399999999999	-5000.09	247.21
frame_667	760.8399999999999	-5000.09	247.21
frame_668	760.8399999999999	-5000.089	247.21
frame_669	760.8399999999999	-5000.089	247.21
frame_670	760.8399999999999	-5000.089	247.21
frame_671	760.8399999999999	-5000.089	247.21
frame_672	760.8399999999999	-5000.089	247.21
frame_673	760.8399999999999	-5000.089	247.21
frame_674	760.8399999999999	-5000.089	247.21
frame_675	760.8399999999999	-5000.089	247.21
frame_676	760.8399999999999	-5000.089	247.21
frame_677	760.8399999999999	-5000.089	247.21
frame_678	760.8399999999999	-5000.089	247.21
frame_679	760.8399999999999	-5000.089	247.21
frame_680	760.8399999999999	-5000.089	247.21
frame_681	760.8399999999999	-5000.088	247.21
frame_682	760.8399999999999	-5000.088	247.21
frame_683	760.8399999999999	-5000.089	247.21
frame_684	760.8399999999999	-5000.089	247.21
frame_685	760.8399999999999	-5000.089	247.21
frame_686	760.8399999999999	-5000.089	247.21
frame_687	760.8399999999999	-5000.089	247.21
frame_688	760.8399999999999	-5000.089	247.21
frame_689	760.8399999999999	-5000.089	247.21
frame_690	760.8399999999999	-5000.089	247.21
frame_691	760.8399999999999	-5000.09	247.21
frame_692	760.8399999999999	-5000.09	247.21
frame_693	760.8399999999999	-5000.09	247.21
frame_694	760.8399999999999	-5000.091	247.21
frame_695	760.8399999999999	-5000.091	247.21
frame_696	760.8399999999999	-5000.091	247.21
frame_697	760.8399999999999	-5000.091	247.21
frame_698	760.8399999999999	-5000.091	247.21
frame_699	760.8399999999999	-5000.091	247.21
frame_700	760.8399999999999	-5000.091	247.21
frame_701	760.8399999999999	-5000.091	247.21
frame_702	760.8399999999999	-5000.092000000001	247.21
frame_703	760.8399999999999	-5000.092000000001	247.21
frame_704	760.8399999999999	-5000.092000000001	247.21
frame_705	760.8399999999999	-5000.092000000001	247.21
frame_706	760.8399999999999	-5000.092000000001	247.21
frame_707	760.8399999999999	-5000.092000000001	247.21
frame_708	760.8399999999999	-5000.092000000001	247.21
frame_709	760.8399999999999	-5000.092000000001	247.21
frame_710	760.8399999999999	-5000.092000000001	247.21
frame_711	760.8399999999999	-5000.092000000001	247.21
frame_712	760.8399999999999	-5000.092000000001	247.21
frame_713	760.8399999999999	-5000.092000000001	247.21
frame_714	760.8399999999999	-5000.092000000001	247.21
frame_715	760.8399999999999	-5000.092000000001	247.21
frame_716	760.8399999999999	-5000.092000000001	247.21
frame_717	760.8399999999999	-5000.092000000001	247.21
frame_718	760.8399999999999	-5000.092000000001	247.21
frame_719	760.8399999999999	-5000.092000000001	247.21
frame_720	760.8399999999999	-5000.092000000001	247.21
frame_721	760.8399999999999	-5000.092000000001	247.21
frame_722	760.8399999999999	-5000.092000000001	247.21
frame_723	760.8399999999999	-5000.092000000001	247.21
frame_724	760.8399999999999	-5000.092000000001	247.21
frame_725	760.8399999999999	-5000.092000000001	247.21
frame_726	760.8399999999999	-5000.092000000001	247.21
frame_727	760.8399999999999	-5000.092000000001	247.21
frame_728	760.8399999999999	-5000.092000000001	247.21
frame_729	760.8399999999999	-5000.092000000001	247.21
frame_730	760.8399999999999	-5000.091	247.21
frame_731	760.8399999999999	-5000.091	247.21
frame_732	760.8399999999999	-5000.092000000001	247.21
frame_733	760.8399999999999	-5000.092000000001	247.21
frame_734	760.8399999999999	-5000.091	247.21
frame_735	760.8399999999999	-5000.091	247.21
frame_736	760.8399999999999	-5000.092000000001	247.21
frame_737	760.8399999999999	-5000.092000000001	247.21
frame_738	760.8399999999999	-5000.093	247.21
frame_739	760.8399999999999	-5000.093	247.21
frame_740	760.8399999999999	-5000.093	247.21
frame_741	760.8399999999999	-5000.093	247.21
frame_742	760.8399999999999	-5000.093	247.21
frame_743	663.2964102564105	-5000.093	215.5164102564102
frame_744	565.752820512821	-5000.093	183.8228205128204
frame_745	468.2092307692315	-5000.093	152.12923076923062
frame_746	370.6656410256418	-5000.093	120.43564102564085
frame_747	273.12205128205204	-5000.093	88.74205128205112
frame_748	175.5784615384623	-5000.093	57.04846153846139
frame_749	78.03487179487256	-5000.093	25.35487179487163
frame_750	-0.0	-5000.093	-0.0
frame_751	-0.0	-5000.092000000001	-0.0
frame_752	-0.0	-5000.092000000001	-0.0
frame_753	-0.0	-5000.093	-0.0
frame_754	-0.0	-5000.093	-0.0
frame_755	-0.0	-5000.092000000001	-0.0
frame_756	-0.0	-5000.092000000001	-0.0
frame_757	-0.0	-5000.092000000001	-0.0
frame_758	-0.0	-5000.092000000001	-0.0
frame_759	-0.0	-5000.092000000001	-0.0
frame_760	-0.0	-5000.092000000001	-0.0
frame_761	-0.0	-5000.092000000001	-0.0
frame_762	-0.0	-5000.092000000001	-0.0
frame_763	-0.0	-5000.092000000001	-0.0
frame_764	-0.0	-5000.092000000001	-0.0
frame_765	-0.0	-5000.092000000001	-0.0
frame_766	-0.0	-5000.092000000001	-0.0
frame_767	-0.0	-5000.092000000001	-0.0
frame_768	-0.0	-5000.092000000001	-0.0
frame_769	-0.0	-5000.092000000001	-0.0
frame_770	-0.0	-5000.092000000001	-0.0
frame_771	-0.0	-5000.092000000001	-0.0
frame_772	-0.0	-5000.091	-0.0
frame_773	-0.0	-5000.091	-0.0
frame_774	-0.0	-5000.091	-0.0
frame_775	-0.0	-5000.091	-0.0
frame_776	-0.0	-5000.092000000001	-0.0
frame_777	-0.0	-5000.092000000001	-0.0
frame_778	-0.0	-5000.092000000001	-0.0
frame_779	0.0	-5000.092000000001	-0.0
frame_780	0.0	-5000.092000000001	-0.0
frame_781	-0.0	-5000.092000000001	-0.0
frame_782	-0.0	-5000.092000000001	-0.0
frame_783	0.0	-5000.092000000001	0.0
frame_784	0.0	-5000.092000000001	0.0
frame_785	-0.0	-5000.092000000001	0.0
frame_786	-0.0	-5000.092000000001	0.0
frame_787	-0.0	-5000.093	0.0
frame_788	-0.0	-5000.093	0.0
frame_789	-0.0	-5000.093	0.0
frame_790	-0.0	-5000.093	0.0
frame_791	0.0	-5000.093	0.0
frame_792	0.0	-5000.093	0.0
frame_793	-0.0	-5000.092000000001	0.0
frame_794	-0.0	-5000.092000000001	0.0
frame_795	-0.0	-5000.092000000001	0.0
frame_796	-0.0	-5000.092000000001	0.0
frame_797	-0.0	-5000.092000000001	0.0
frame_798	0.0	-5000.092000000001	0.0
frame_799	0.0	-5000.092000000001	0.0
frame_800	0.0	-5000.092000000001	0.0
frame_801	0.0	-5000.092000000001	0.0
frame_802	0.0	-5000.092000000001	0.0
frame_803	0.0	-5000.092000000001	0.0
frame_804	0.0	-5000.093	0.0
frame_805	0.0	-5000.093	0.0
frame_806	0.0	-5000.093	0.0
frame_807	0.0	-5000.093	0.0
frame_808	0.0	-5000.093	0.0
frame_809	0.0	-5000.093	0.0
frame_810	0.0	-5000.093	0.0
frame_811	0.0	-5000.094	0.0
frame_812	0.0	-5000.094	0.0
frame_813	0.0	-5000.095	0.0
frame_814	0.0	-5000.095	0.0
frame_815	0.0	-5000.095	0.0
frame_816	0.0	-5000.095	0.0
frame_817	0.0	-5000.095	0.0
frame_818	0.0	-5000.095	0.0
frame_819	0.0	-5000.095	0.0
frame_820	0.0	-5000.095	0.0
frame_821	0.0	-5000.095	0.0
frame_822	0.0	-5000.095	0.0
frame_823	0.0	-5000.0960000000005	0.0
frame_824	0.0	-5000.0960000000005	0.0
frame_825	0.0	-5000.0960000000005	0.0
frame_826	0.0	-5000.0960000000005	0.0
frame_827	0.0	-5000.0960000000005	0.0
frame_828	0.0	-5000.0960000000005	0.0
frame_829	0.0	-5000.0960000000005	0.0
frame_830	0.0	-5000.0960000000005	0.0
frame_831	0.0	-5000.0960000000005	0.0
frame_832	0.0	-5000.0960000000005	0.0
frame_833	0.0	-5000.0960000000005	0.0
frame_834	0.0	-5000.097000000001	0.0
frame_835	0.0	-5000.097000000001	0.0
frame_836	0.0	-5000.097000000001	0.0
frame_837	0.0	-5000.097000000001	0.0
frame_838	0.0	-5000.098	0.0
frame_839	0.0	-5000.098	0.0
frame_840	-0.0	-5000.097000000001	0.0
frame_841	-0.0	-5000.097000000001	0.0
frame_842	-0.0	-5000.097000000001	0.0
frame_843	-0.0	-5000.097000000001	0.0
frame_844	0.0	-5000.097000000001	0.0
frame_845	0.0	-5000.097000000001	0.0
frame_846	-0.0	-5000.097000000001	0.0
frame_847	-0.0	-5000.097000000001	0.0
frame_848	-0.0	-5000.097000000001	0.0
frame_849	-0.0	-5000.097000000001	0.0
frame_850	-0.0	-5000.097000000001	0.0
frame_851	-0.0	-5000.097000000001	0.0
frame_852	-0.0	-5000.097000000001	0.0
frame_853	0.0	-5000.098	0.0
frame_854	0.0	-5000.098	0.0
frame_855	0.0	-5000.098	0.0
frame_856	0.0	-5000.098	0.0
frame_857	0.0	-5000.098	0.0
frame_858	0.0	-5000.098	0.0
frame_859	0.0	-5000.098	0.0
frame_860	0.0	-5000.098	0.0
frame_861	0.0	-5000.098	0.0
frame_862	0.0	-5000.098	0.0
frame_863	0.0	-5000.098	0.0
frame_864	0.0	-5000.098	0.0
frame_865	0.0	-5000.098	0.0
frame_866	0.0	-5000.098	0.0
frame_867	0.0	-5000.098	0.0
frame_868	0.0	-5000.098	0.0
frame_869	0.0	-5000.098	0.0
frame_870	0.0	-5000.098	0.0
frame_871	0.0	-5000.098	0.0
frame_872	0.0	-5000.098999999999	0.0
frame_873	0.0	-5000.098999999999	0.0
frame_874	0.0	-5000.099999999999	0.0
frame_875	0.0	-5000.099999999999	0.0
frame_876	0.0	-5000.099999999999	0.0
frame_877	0.0	-5000.099999999999	0.0
frame_878	0.0	-5000.099999999999	0.0
frame_879	0.0	-5000.099999999999	0.0
frame_880	0.0	-5000.099999999999	0.0
frame_881	0.0	-5000.098999999999	0.0
frame_882	0.0	-5000.098999999999	0.0
frame_883	-0.0	-5000.098	0.0
frame_884	-0.0	-5000.098	0.0
frame_885	-0.0	-5000.098	0.0
frame_886	-0.0	-5000.098	0.0
frame_887	-0.0	-5000.097000000001	0.0
frame_888	-0.0	-5000.097000000001	0.0
frame_889	-0.0	-5000.097000000001	0.0
frame_890	-0.0	-5000.097000000001	0.0
frame_891	-0.0	-5000.098	0.0
frame_892	-0.0	-5000.098	0.0
frame_893	-0.0	-5000.098	0.0
frame_894	-0.0	-5000.098	0.0
frame_895	-0.0	-5000.098	0.0
frame_896	-0.0	-5000.098	0.0
frame_897	-0.0	-5000.098	0.0
frame_898	-0.0	-5000.098	0.0
frame_899	-0.0	-5000.098	0.0
frame_900	0.0	-5000.098999999999	0.0
frame_901	0.0	-5000.098999999999	0.0
frame_902	0.0	-5000.098999999999	0.0
frame_903	0.0	-5000.098999999999	0.0
frame_904	0.0	-5000.098999999999	0.0
frame_905	0.0	-5000.098999999999	0.0
frame_906	0.0	-5000.099999999999	0.0
frame_907	0.0	-5000.099999999999	0.0
frame_908	0.0	-5000.099999999999	0.0
frame_909	0.0	-5000.099999999999	0.0
frame_910	0.0	-5000.099999999999	0.0
frame_911	0.0	-5000.101	0.0
frame_912	0.0	-5000.101	0.0
frame_913	-0.0	-5000.101	0.0
frame_914	-0.0	-5000.101	0.0
frame_915	-0.0	-5000.102	0.0
frame_916	-0.0	-5000.102	0.0
frame_917	-0.0	-5000.101	0.0
frame_918	-0.0	-5000.101	0.0
frame_919	-0.0	-5000.101	0.0
frame_920	-0.0	-5000.101	0.0
frame_921	-0.0	-5000.101	0.0
frame_922	-0.0	-5000.101	0.0
frame_923	-0.0	-5000.102	0.0
frame_924	-0.0	-5000.102	0.0
frame_925	-0.0	-5000.102	0.0
frame_926	-0.0	-5000.101	0.0
frame_927	-0.0	-5000.101	0.0
frame_928	-0.0	-5000.101	0.0
frame_929	-0.0	-5000.101	0.0
frame_930	-0.0	-5000.101	0.0
frame_931	-0.0	-5000.101	0.0
frame_932	0.0	-5000.102	0.0
frame_933	0.0	-5000.102	0.0
frame_934	0.0	-5000.102	0.0
frame_935	0.0	-5000.102	0.0
frame_936	0.0	-5000.102	0.0
frame_937	0.0	-5000.102	0.0
frame_938	0.0	-5000.102	0.0
frame_939	-0.0	-5000.102	100.0
frame_940	-0.0	-5000.102	199.99999999999997
frame_941	-0.0	-5000.103	300.0
frame_942	-0.0	-5000.103	400.00000000000006
frame_943	-0.0	-5000.103	500.0000000000001
frame_944	-0.0	-5000.103	600.0000000000002
frame_945	-0.0	-5000.102	700.0000000000003
frame_946	-0.0	-5000.102	800.0000000000003
frame_947	-0.0	-5000.102	800.0
frame_948	-0.0	-5000.102	800.0
frame_949	-0.0	-5000.102	800.0
frame_950	-0.0	-5000.102	800.0
frame_951	-0.0	-5000.102	800.0
frame_952	-0.0	-5000.103	800.0
frame_953	-0.0	-5000.103	800.0
frame_954	-0.0	-5000.103	800.0
frame_955	-0.0	-5000.103	800.0
frame_956	-0.0	-5000.103	800.0
frame_957	-0.0	-5000.103	800.0
frame_958	-0.0	-5000.103	800.0
frame_959	-0.0	-5000.103	800.0
frame_960	-0.0	-5000.104	800.0
frame_961	-0.0	-5000.104	800.0
frame_962	-0.0	-5000.104	800.0
frame_963	-0.0	-5000.104	800.0
frame_964	-0.0	-5000.103	800.0
frame_965	-0.0	-5000.103	800.0
frame_966	-0.0	-5000.103	800.0
frame_967	-0.0	-5000.103	800.0
frame_968	-0.0	-5000.103	800.0
frame_969	-0.0	-5000.103	800.0
frame_970	-0.0	-5000.103	800.0
frame_971	-0.0	-5000.103	800.0
frame_972	-0.0	-5000.103	800.0
frame_973	-0.0	-5000.103	800.0
frame_974	-0.0	-5000.103	800.0
frame_975	-0.0	-5000.103	800.0
frame_976	-0.0	-5000.103	800.0
frame_977	-0.0	-5000.104	800.0
frame_978	-0.0	-5000.104	800.0
frame_979	-0.0	-5000.104	800.0
frame_980	-0.0	-5000.104	800.0
frame_981	-0.0	-5000.105	800.0
frame_982	-0.0	-5000.105	800.0
frame_983	-0.0	-5000.105	800.0
frame_984	-0.0	-5000.104	800.0
frame_985	-0.0	-5000.104	800.0
frame_986	-0.0	-5000.104	800.0
frame_987	-0.0	-5000.104	800.0
frame_988	-0.0	-5000.105	800.0
frame_989	-0.0	-5000.105	800.0
frame_990	-0.0	-5000.105	800.0
frame_991	-0.0	-5000.105	800.0
frame_992	-0.0	-5000.105	800.0
frame_993	-0.0	-5000.105	800.0
frame_994	-0.0	-5000.105	800.0
frame_995	-0.0	-5000.105	800.0
frame_996	-0.0	-5000.105	800.0
frame_997	-0.0	-5000.105	800.0
frame_998	-0.0	-5000.105	800.0
frame_999	-0.0	-5000.105	800.0
frame_1000	-0.0	-5000.104	800.0
frame_1001	-0.0	-5000.104	800.0
frame_1002	-0.0	-5000.104	800.0
frame_1003	-0.0	-5000.104	800.0
frame_1004	-0.0	-5000.104	800.0
frame_1005	-0.0	-5000.104	800.0
frame_1006	-0.0	-5000.104	800.0
frame_1007	-0.0	-5000.104	800.0
frame_1008	-0.0	-5000.104	800.0
frame_1009	-0.0	-5000.104	800.0
frame_1010	-0.0	-5000.104	800.0
frame_1011	-0.0	-5000.104	800.0
frame_1012	-0.0	-5000.104	800.0
frame_1013	-0.0	-5000.104	800.0
frame_1014	-0.0	-5000.104	800.0
frame_1015	-0.0	-5000.104	800.0
frame_1016	-0.0	-5000.105	800.0
frame_1017	-0.0	-5000.105	800.0
frame_1018	-0.0	-5000.106	800.0
frame_1019	-0.0	-5000.106	800.0
frame_1020	-0.0	-5000.106	800.0
frame_1021	-0.0	-5000.106	800.0
frame_1022	-0.0	-5000.106	800.0
frame_1023	-0.0	-5000.106	800.0
frame_1024	-0.0	-5000.106	800.0
frame_1025	-0.0	-5000.106	800.0
frame_1026	-0.0	-5000.106	800.0
frame_1027	-0.0	-5000.106	800.0
frame_1028	-0.0	-5000.106	800.0
frame_1029	-0.0	-5000.106	800.0
frame_1030	-0.0	-5000.106	800.0
frame_1031	-0.0	-5000.107	800.0
frame_1032	-0.0	-5000.107	800.0
frame_1033	-0.0	-5000.107	800.0
frame_1034	-0.0	-5000.107	800.0
frame_1035	-0.0	-5000.108	800.0
frame_1036	-0.0	-5000.108	800.0
frame_1037	-0.0	-5000.108	800.0
frame_1038	-0.0	-5000.108	800.0
frame_1039	-0.0	-5000.108	800.0
frame_1040	-0.0	-5000.108	800.0
frame_1041	-0.0	-5000.108	800.0
frame_1042	-0.0	-5000.108	800.0
frame_1043	-0.0	-5000.108	800.0
frame_1044	-0.0	-5000.108	800.0
frame_1045	-0.0	-5000.108	800.0
frame_1046	-0.0	-5000.108	800.0
frame_1047	-0.0	-5000.108	800.0
frame_1048	-0.0	-5000.108	800.0
frame_1049	-0.0	-5000.108	800.0
frame_1050	-0.0	-5000.108	800.0
frame_1051	-0.0	-5000.108	800.0
frame_1052	-0.0	-5000.108	800.0
frame_1053	-0.0	-5000.108	800.0
frame_1054	-0.0	-5000.108	800.0
frame_1055	-0.0	-5000.108	800.0
frame_1056	-0.0	-5000.109	800.0
frame_1057	-0.0	-5000.109	800.0
frame_1058	-0.0	-5000.109	800.0
frame_1059	-0.0	-5000.108	800.0
frame_1060	-0.0	-5000.108	800.0
frame_1061	-0.0	-5000.108	800.0
frame_1062	-0.0	-5000.108	800.0
frame_1063	-0.0	-5000.109	800.0
frame_1064	-0.0	-5000.109	800.0
frame_1065	-0.0	-5000.109	800.0
frame_1066	-0.0	-5000.109	800.0
frame_1067	-0.0	-5000.109	800.0
frame_1068	-0.0	-5000.109	800.0
frame_1069	-0.0	-5000.109	800.0
frame_1070	-0.0	-5000.109	800.0
frame_1071	-0.0	-5000.109	800.0
frame_1072	-0.0	-5000.109	800.0
frame_1073	-0.0	-5000.109	800.0
frame_1074	-0.0	-5000.109	800.0
frame_1075	-0.0	-5000.109	800.0
frame_1076	-0.0	-5000.108	800.0
frame_1077	-0.0	-5000.108	800.0
frame_1078	-0.0	-5000.108	800.0
frame_1079	-0.0	-5000.108	800.0
frame_1080	-0.0	-5000.108	800.0
frame_1081	-0.0	-5000.108	800.0
frame_1082	-0.0	-5000.108	800.0
frame_1083	-0.0	-5000.108	800.0
frame_1084	-0.0	-5000.108	800.0
frame_1085	-0.0	-5000.108	800.0
frame_1086	-0.0	-5000.108	800.0
frame_1087	-0.0	-5000.108	800.0
frame_1088	-0.0	-5000.108	800.0
frame_1089	-0.0	-5000.108	800.0
frame_1090	-0.0	-5000.108	800.0
frame_1091	-0.0	-5000.108	800.0
frame_1092	-0.0	-5000.108	800.0
frame_1093	-0.0	-5000.109	800.0
frame_1094	-0.0	-5000.109	800.0
frame_1095	-0.0	-5000.110000000001	800.0
frame_1096	-0.0	-5000.110000000001	800.0
frame_1097	-0.0	-5000.110000000001	800.0
frame_1098	-0.0	-5000.110000000001	800.0
frame_1099	-0.0	-5000.110000000001	800.0
frame_1100	-0.0	-5000.110000000001	800.0
frame_1101	-0.0	-5000.110000000001	800.0
frame_1102	-0.0	-5000.110000000001	800.0
frame_1103	-0.0	-5000.110000000001	800.0
frame_1104	-0.0	-5000.110000000001	800.0
frame_1105	-0.0	-5000.110000000001	800.0
frame_1106	-0.0	-5000.110000000001	800.0
frame_1107	-0.0	-5000.110000000001	800.0
frame_1108	-0.0	-5000.111000000001	800.0
frame_1109	-0.0	-5000.111000000001	800.0
frame_1110	-0.0	-5000.111000000001	800.0
frame_1111	-0.0	-5000.111000000001	800.0
frame_1112	-0.0	-5000.111000000001	800.0
frame_1113	-0.0	-5000.111000000001	800.0
frame_1114	-0.0	-5000.111000000001	800.0
frame_1115	-0.0	-5000.111000000001	800.0
frame_1116	-0.0	-5000.111000000001	800.0
frame_1117	-0.0	-5000.111000000001	800.0
frame_1118	-0.0	-5000.111000000001	800.0
frame_1119	-0.0	-5000.112	800.0
frame_1120	-0.0	-5000.112	800.0
frame_1121	-0.0	-5000.112	800.0
frame_1122	-0.0	-5000.112	800.0
frame_1123	-0.0	-5000.112	800.0
frame_1124	-0.0	-5000.112	800.0
frame_1125	-0.0	-5000.112	800.0
frame_1126	-0.0	-5000.112	800.0
frame_1127	-0.0	-5000.112	800.0
frame_1128	-0.0	-5000.112	800.0
frame_1129	-0.0	-5000.112	800.0
frame_1130	-0.0	-5000.112	800.0
frame_1131	-0.0	-5000.112	800.0
frame_1132	-0.0	-5000.112	800.0
frame_1133	-0.0	-5000.112	800.0
frame_1134	-0.0	-5000.112999999999	720.0
frame_1135	-0.0	-5000.112999999999	619.9999999999999
frame_1136	-0.0	-5000.112999999999	519.9999999999998
frame_1137	-0.0	-5000.112999999999	419.9999999999997
frame_1138	-0.0	-5000.112999999999	319.9999999999996
frame_1139	-0.0	-5000.112999999999	219.99999999999957
frame_1140	-0.0	-5000.112999999999	119.99999999999962
frame_1141	-0.0	-5000.112999999999	19.999999999999606
frame_1142	0.0	-5000.114	0.0
frame_1143	0.0	-5000.114	0.0
frame_1144	0.0	-5000.114	0.0
frame_1145	0.0	-5000.114	0.0
frame_1146	0.0	-5000.114	0.0
frame_1147	0.0	-5000.114	0.0
frame_1148	0.0	-5000.114	0.0
frame_1149	0.0	-5000.114	0.0
frame_1150	0.0	-5000.114	0.0
frame_1151	0.0	-5000.114	0.0
frame_1152	0.0	-5000.114	0.0
frame_1153	0.0	-5000.114	0.0
frame_1154	0.0	-5000.114	0.0
frame_1155	0.0	-5000.114	0.0
frame_1156	0.0	-5000.114	0.0
frame_1157	0.0	-5000.112999999999	0.0
frame_1158	0.0	-5000.112999999999	0.0
frame_1159	0.0	-5000.112999999999	0.0
frame_1160	-0.0	-5000.112999999999	0.0
frame_1161	-0.0	-5000.112999999999	0.0
frame_1162	0.0	-5000.114	0.0
frame_1163	0.0	-5000.114	0.0
frame_1164	0.0	-5000.114	0.0
frame_1165	0.0	-5000.114	0.0
frame_1166	0.0	-5000.114	0.0
frame_1167	0.0	-5000.114	0.0
frame_1168	0.0	-5000.114	0.0
frame_1169	0.0	-5000.114	0.0
frame_1170	0.0	-5000.114	0.0
frame_1171	0.0	-5000.114	0.0
frame_1172	0.0	-5000.114	0.0
frame_1173	0.0	-5000.114	0.0
frame_1174	0.0	-5000.114	0.0
frame_1175	0.0	-5000.114	0.0
frame_1176	0.0	-5000.114	0.0
frame_1177	0.0	-5000.114	0.0
frame_1178	0.0	-5000.114	0.0
frame_1179	0.0	-5000.112999999999	0.0
frame_1180	0.0	-5000.112999999999	0.0
frame_1181	0.0	-5000.114	0.0
frame_1182	0.0	-5000.114	0.0
frame_1183	0.0	-5000.112999999999	0.0
frame_1184	0.0	-5000.112999999999	0.0
frame_1185	0.0	-5000.112999999999	0.0
frame_1186	0.0	-5000.112999999999	0.0
frame_1187	0.0	-5000.112999999999	0.0
frame_1188	0.0	-5000.112999999999	0.0
frame_1189	0.0	-5000.114	0.0
frame_1190	0.0	-5000.114	0.0
frame_1191	0.0	-5000.114	0.0
frame_1192	0.0	-5000.114	0.0
frame_1193	0.0	-5000.114	0.0
frame_1194	0.0	-5000.115	0.0
frame_1195	0.0	-5000.115	0.0
frame_1196	0.0	-5000.115	0.0
frame_1197	0.0	-5000.115	0.0
frame_1198	0.0	-5000.115	0.0
frame_1199	0.0	-5000.115	0.0
frame_1200	0.0	-5000.115	0.0
frame_1201	0.0	-5000.115	0.0
frame_1202	0.0	-5000.114	0.0
frame_1203	0.0	-5000.114	0.0
frame_1204	0.0	-5000.114	0.0
frame_1205	0.0	-5000.114	0.0
frame_1206	0.0	-5000.114	0.0
frame_1207	0.0	-5000.114	0.0
frame_1208	0.0	-5000.114	0.0
frame_1209	0.0	-5000.114	0.0
frame_1210	0.0	-5000.114	0.0
frame_1211	0.0	-5000.114	0.0
frame_1212	0.0	-5000.114	0.0
frame_1213	0.0	-5000.115	0.0
frame_1214	0.0	-5000.115	0.0
frame_1215	0.0	-5000.115	0.0
frame_1216	0.0	-5000.115	0.0
frame_1217	0.0	-5000.115	0.0
frame_1218	0.0	-5000.115	0.0
frame_1219	0.0	-5000.115	0.0
frame_1220	0.0	-5000.115	0.0
frame_1221	0.0	-5000.115	0.0
frame_1222	0.0	-5000.115	0.0
frame_1223	0.0	-5000.115	0.0
frame_1224	0.0	-5000.115	0.0
frame_1225	0.0	-5000.115	0.0
frame_1226	0.0	-5000.115	0.0
frame_1227	0.0	-5000.115	0.0
frame_1228	0.0	-5000.115	0.0
frame_1229	0.0	-5000.115	0.0
frame_1230	0.0	-5000.115	0.0
frame_1231	0.0	-5000.115	0.0
frame_1232	0.0	-5000.115	0.0
frame_1233	0.0	-5000.115	0.0
frame_1234	0.0	-5000.115	0.0
frame_1235	0.0	-5000.115	0.0
frame_1236	0.0	-5000.115	0.0
frame_1237	0.0	-5000.115	0.0
frame_1238	0.0	-5000.115	0.0
frame_1239	0.0	-5000.115	0.0
frame_1240	0.0	-5000.115	0.0
frame_1241	0.0	-5000.115	0.0
frame_1242	0.0	-5000.115	0.0
frame_1243	0.0	-5000.115	0.0
frame_1244	0.0	-5000.115	0.0
frame_1245	0.0	-5000.116	0.0
frame_1246	0.0	-5000.116	0.0
frame_1247	0.0	-5000.115	0.0
frame_1248	0.0	-5000.115	0.0
frame_1249	0.0	-5000.115	0.0
frame_1250	0.0	-5000.115	0.0
frame_1251	0.0	-5000.115	0.0
frame_1252	0.0	-5000.115	0.0
frame_1253	0.0	-5000.115	0.0
frame_1254	0.0	-5000.114	0.0
frame_1255	0.0	-5000.114	0.0
frame_1256	0.0	-5000.114	0.0
frame_1257	0.0	-5000.114	0.0
frame_1258	0.0	-5000.114	0.0
frame_1259	0.0	-5000.114	0.0
frame_1260	0.0	-5000.114	0.0
frame_1261	0.0	-5000.114	0.0
frame_1262	0.0	-5000.114	0.0
frame_1263	0.0	-5000.114	0.0
frame_1264	0.0	-5000.114	0.0
frame_1265	0.0	-5000.115	0.0
frame_1266	0.0	-5000.115	0.0
frame_1267	0.0	-5000.115	0.0
frame_1268	0.0	-5000.115	0.0
frame_1269	0.0	-5000.115	0.0
frame_1270	0.0	-5000.115	0.0
frame_1271	0.0	-5000.115	0.0
frame_1272	0.0	-5000.115	0.0
frame_1273	0.0	-5000.115	0.0
frame_1274	0.0	-5000.115	0.0
frame_1275	0.0	-5000.115	0.0
frame_1276	0.0	-5000.115	0.0
frame_1277	0.0	-5000.115	0.0
frame_1278	0.0	-5000.115	0.0
frame_1279	0.0	-5000.115	0.0
frame_1280	0.0	-5000.115	0.0
frame_1281	0.0	-5000.115	0.0
frame_1282	0.0	-5000.115	0.0
frame_1283	0.0	-5000.115	0.0
frame_1284	0.0	-5000.115	0.0
frame_1285	0.0	-5000.115	0.0
frame_1286	0.0	-5000.116	0.0
frame_1287	0.0	-5000.116	0.0
frame_1288	0.0	-5000.116	0.0
frame_1289	0.0	-5000.116	0.0
frame_1290	0.0	-5000.117	0.0
frame_1291	0.0	-5000.117	0.0
frame_1292	0.0	-5000.117	0.0
frame_1293	0.0	-5000.116	0.0
frame_1294	0.0	-5000.116	0.0
frame_1295	0.0	-5000.116	0.0
frame_1296	0.0	-5000.116	0.0
frame_1297	0.0	-5000.117	0.0
frame_1298	0.0	-5000.117	0.0
frame_1299	0.0	-5000.117	0.0
frame_1300	0.0	-5000.117	0.0
frame_1301	0.0	-5000.116	0.0
frame_1302	0.0	-5000.116	0.0
frame_1303	0.0	-5000.116	0.0
frame_1304	0.0	-5000.116	0.0
frame_1305	0.0	-5000.116	0.0
frame_1306	0.0	-5000.117	0.0
frame_1307	0.0	-5000.117	0.0
frame_1308	0.0	-5000.117	0.0
frame_1309	0.0	-5000.117	0.0
frame_1310	0.0	-5000.116	0.0
frame_1311	0.0	-5000.116	0.0
frame_1312	0.0	-5000.116	0.0
frame_1313	0.0	-5000.116	0.0
frame_1314	0.0	-5000.117	0.0
frame_1315	0.0	-5000.117	0.0
frame_1316	0.0	-5000.1179999999995	0.0
frame_1317	0.0	-5000.1179999999995	0.0
frame_1318	0.0	-5000.1179999999995	0.0
frame_1319	0.0	-5000.1179999999995	0.0
frame_1320	0.0	-5000.117	0.0
frame_1321	0.0	-5000.117	0.0
frame_1322	0.0	-5000.117	0.0
frame_1323	0.0	-5000.117	0.0
frame_1324	0.0	-5000.117	0.0
frame_1325	0.0	-5000.117	0.0
frame_1326	0.0	-5000.117	0.0
frame_1327	0.0	-5000.117	0.0
frame_1328	0.0	-5000.117	0.0
frame_1329	0.0	-5000.117	0.0
frame_1330	0.0	-5000.117	0.0
frame_1331	-57.06375	-5000.1179999999995	18.540750000000003
frame_1332	-152.17	-5000.1179999999995	49.44199999999999
frame_1333	-247.27624999999995	-5000.117	80.34325
frame_1334	-342.38249999999994	-5000.117	111.24449999999999
frame_1335	-437.48874999999987	-5000.1179999999995	142.14575
frame_1336	-532.5949999999998	-5000.1179999999995	173.04699999999997
frame_1337	-627.7012499999997	-5000.117	203.94824999999997
frame_1338	-722.8074999999997	-5000.117	234.84949999999995
frame_1339	-760.85	-5000.117	247.21
frame_1340	-760.85	-5000.117	247.21
frame_1341	-760.85	-5000.117	247.21
frame_1342	-760.85	-5000.116	247.21
frame_1343	-760.85	-5000.116	247.21
frame_1344	-760.85	-5000.116	247.21
frame_1345	-760.85	-5000.116	247.21
frame_1346	-760.85	-5000.117	247.21
frame_1347	-760.85	-5000.117	247.21
frame_1348	-760.85	-5000.117	247.21
frame_1349	-760.85	-5000.117	247.21
frame_1350	-760.85	-5000.1179999999995	247.21
frame_1351	-760.85	-5000.1179999999995	247.21
frame_1352	-760.85	-5000.1179999999995	247.21
frame_1353	-760.85	-5000.1179999999995	247.21
frame_1354	-760.85	-5000.1179999999995	247.21
frame_1355	-760.85	-5000.1179999999995	247.21
frame_1356	-760.85	-5000.1179999999995	247.21
frame_1357	-760.85	-5000.1179999999995	247.21
frame_1358	-760.85	-5000.1179999999995	247.21
frame_1359	-760.85	-5000.119	247.21
frame_1360	-760.85	-5000.119	247.21
frame_1361	-760.85	-5000.12	247.21
frame_1362	-760.85	-5000.12	247.21
frame_1363	-760.85	-5000.12	247.21
frame_1364	-760.85	-5000.12	247.21
frame_1365	-760.85	-5000.12	247.21
frame_1366	-760.85	-5000.12	247.21
frame_1367	-760.85	-5000.12	247.21
frame_1368	-760.85	-5000.12	247.21
frame_1369	-760.85	-5000.12	247.21
frame_1370	-760.85	-5000.12	247.21
frame_1371	-760.85	-5000.12	247.21
frame_1372	-760.85	-5000.12	247.21
frame_1373	-760.85	-5000.12	247.21
frame_1374	-760.8399999999999	-5000.12	247.21
frame_1375	-760.8399999999999	-5000.12	247.21
frame_1376	-760.8399999999999	-5000.12	247.21
frame_1377	-760.8399999999999	-5000.12	247.21
frame_1378	-760.85	-5000.119	247.21
frame_1379	-760.85	-5000.119	247.21
frame_1380	-760.85	-5000.119	247.21
frame_1381	-760.85	-5000.119	247.21
frame_1382	-760.85	-5000.119	247.21
frame_1383	-760.85	-5000.119	247.21
frame_1384	-760.85	-5000.119	247.21
frame_1385	-760.85	-5000.119	247.21
frame_1386	-760.85	-5000.119	247.21
frame_1387	-760.85	-5000.119	247.21
frame_1388	-760.85	-5000.119	247.21
frame_1389	-760.85	-5000.1179999999995	247.21
frame_1390	-760.85	-5000.1179999999995	247.21
frame_1391	-760.85	-5000.119	247.21
frame_1392	-760.85	-5000.119	247.21
frame_1393	-760.85	-5000.119	247.21
frame_1394	-760.85	-5000.119	247.21
frame_1395	-760.85	-5000.119	247.21
frame_1396	-760.85	-5000.119	247.21
frame_1397	-760.85	-5000.119	247.21
frame_1398	-760.85	-5000.119	247.21
frame_1399	-760.85	-5000.12	247.21
frame_1400	-760.85	-5000.12	247.21
frame_1401	-760.85	-5000.12	247.21
frame_1402	-760.85	-5000.12	247.21
frame_1403	-760.85	-5000.12	247.21
frame_1404	-760.85	-5000.12	247.21
frame_1405	-760.85	-5000.12	247.21
frame_1406	-760.85	-5000.12	247.21
frame_1407	-760.85	-5000.12	247.21
frame_1408	-760.85	-5000.119	247.21
frame_1409	-760.85	-5000.119	247.21
frame_1410	-760.85	-5000.1179999999995	247.21
frame_1411	-760.85	-5000.1179999999995	247.21
frame_1412	-760.85	-5000.1179999999995	247.21
frame_1413	-760.85	-5000.1179999999995	247.21
frame_1414	-760.85	-5000.119	247.21
frame_1415	-760.85	-5000.119	247.21
frame_1416	-760.85	-5000.119	247.21
frame_1417	-760.85	-5000.12	247.21
frame_1418	-760.85	-5000.12	247.21
frame_1419	-760.85	-5000.12	247.21
frame_1420	-760.85	-5000.12	247.21
frame_1421	-760.85	-5000.119	247.21
frame_1422	-760.85	-5000.119	247.21
frame_1423	-760.85	-5000.119	247.21
frame_1424	-760.85	-5000.119	247.21
frame_1425	-760.85	-5000.119	247.21
frame_1426	-760.85	-5000.119	247.21
frame_1427	-760.8399999999999	-5000.119	247.21
frame_1428	-760.8399999999999	-5000.119	247.21
frame_1429	-760.8399999999999	-5000.119	247.21
frame_1430	-760.8399999999999	-5000.119	247.21
frame_1431	-760.8399999999999	-5000.119	247.21
frame_1432	-760.85	-5000.119	247.21
frame_1433	-760.85	-5000.119	247.21
frame_1434	-760.85	-5000.119	247.21
frame_1435	-760.85	-5000.119	247.21
frame_1436	-760.8399999999999	-5000.119	247.21
frame_1437	-760.8399999999999	-5000.119	247.21
frame_1438	-760.8399999999999	-5000.119	247.21
frame_1439	-760.8399999999999	-5000.119	247.21
frame_1440	-760.8399999999999	-5000.12	247.21
frame_1441	-760.8399999999999	-5000.12	247.21
frame_1442	-760.85	-5000.12	247.21
frame_1443	-760.85	-5000.12	247.21
frame_1444	-760.85	-5000.12	247.21
frame_1445	-760.85	-5000.121	247.21
frame_1446	-760.85	-5000.121	247.21
frame_1447	-760.85	-5000.12	247.21
frame_1448	-760.85	-5000.12	247.21
frame_1449	-760.85	-5000.121	247.21
frame_1450	-760.85	-5000.121	247.21
frame_1451	-760.85	-5000.121	247.21
frame_1452	-760.85	-5000.121	247.21
frame_1453	-760.85	-5000.121	247.21
frame_1454	-760.85	-5000.121	247.21
frame_1455	-760.85	-5000.122	247.21
frame_1456	-760.85	-5000.122	247.21
frame_1457	-760.85	-5000.122	247.21
frame_1458	-760.85	-5000.1230000000005	247.21
frame_1459	-760.85	-5000.1230000000005	247.21
frame_1460	-760.85	-5000.1230000000005	247.21
frame_1461	-760.85	-5000.1230000000005	247.21
frame_1462	-760.85	-5000.1230000000005	247.21
frame_1463	-760.85	-5000.1230000000005	247.21
frame_1464	-760.85	-5000.1230000000005	247.21
frame_1465	-760.85	-5000.1230000000005	247.21
frame_1466	-760.85	-5000.124	247.21
frame_1467	-760.85	-5000.124	247.21
frame_1468	-760.85	-5000.124	247.21
frame_1469	-760.85	-5000.124	247.21
frame_1470	-760.85	-5000.124	247.21
frame_1471	-760.85	-5000.124	247.21
frame_1472	-760.85	-5000.124	247.21
frame_1473	-760.85	-5000.124	247.21
frame_1474	-760.85	-5000.124	247.21
frame_1475	-760.85	-5000.124	247.21
frame_1476	-760.85	-5000.124	247.21
frame_1477	-760.85	-5000.124	247.21
frame_1478	-760.85	-5000.124	247.21
frame_1479	-760.85	-5000.124	247.21
frame_1480	-760.85	-5000.124	247.21
frame_1481	-760.85	-5000.124	247.21
frame_1482	-760.85	-5000.124	247.21
frame_1483	-760.85	-5000.124	247.21
frame_1484	-760.85	-5000.124	247.21
frame_1485	-760.85	-5000.124	247.21
frame_1486	-760.85	-5000.124	247.21
frame_1487	-760.85	-5000.124	247.21
frame_1488	-760.85	-5000.125	247.21
frame_1489	-760.85	-5000.125	247.21
frame_1490	-760.85	-5000.125	247.21
frame_1491	-760.85	-5000.125	247.21
frame_1492	-760.85	-5000.125	247.21
frame_1493	-760.85	-5000.125	247.21
frame_1494	-760.85	-5000.125	247.21
frame_1495	-760.85	-5000.125	247.21
frame_1496	-760.85	-5000.125	247.21
frame_1497	-760.85	-5000.125	247.21
frame_1498	-760.85	-5000.125	247.21
frame_1499	-760.85	-5000.125	247.21
frame_1500	-760.85	-5000.125	247.21
frame_1501	-760.85	-5000.125	247.21
frame_1502	-760.85	-5000.124	247.21
frame_1503	-760.85	-5000.124	247.21
frame_1504	-760.85	-5000.124	247.21
frame_1505	-760.85	-5000.124	247.21
frame_1506	-760.85	-5000.124	247.21
frame_1507	-760.85	-5000.124	247.21
frame_1508	-760.85	-5000.124	247.21
frame_1509	-760.85	-5000.124	247.21
frame_1510	-760.85	-5000.124	247.21
frame_1511	-760.85	-5000.124	247.21
frame_1512	-760.85	-5000.124	247.21
frame_1513	-760.85	-5000.1230000000005	247.21
frame_1514	-760.85	-5000.1230000000005	247.21
frame_1515	-760.85	-5000.124	247.21
frame_1516	-760.85	-5000.124	247.21
frame_1517	-760.85	-5000.124	247.21
frame_1518	-760.85	-5000.124	247.21
frame_1519	-760.85	-5000.1230000000005	247.21
frame_1520	-760.85	-5000.1230000000005	247.21
frame_1521	-760.85	-5000.1230000000005	247.21
frame_1522	-760.85	-5000.1230000000005	247.21
frame_1523	-760.85	-5000.1230000000005	247.21
frame_1524	-760.85	-5000.124	247.21
frame_1525	-760.85	-5000.124	247.21
frame_1526	-684.7650000000001	-5000.1230000000005	222.48900000000003
frame_1527	-589.6587500000002	-5000.1230000000005	191.58775000000003
frame_1528	-494.5525000000002	-5000.1230000000005	160.68650000000002
frame_1529	-399.44625000000025	-5000.1230000000005	129.78525000000005
frame_1530	-304.34000000000026	-5000.1230000000005	98.88400000000006
frame_1531	-209.23375000000033	-5000.1230000000005	67.98275000000007
frame_1532	-114.12750000000037	-5000.1230000000005	37.08150000000007
frame_1533	-19.021250000000354	-5000.1230000000005	6.180250000000078
frame_1534	-0.0	-5000.1230000000005	-0.0
frame_1535	-0.0	-5000.1230000000005	-0.0
frame_1536	-0.0	-5000.1230000000005	-0.0
frame_1537	-0.0	-5000.1230000000005	-0.0
frame_1538	-0.0	-5000.1230000000005	-0.0
frame_1539	-0.0	-5000.1230000000005	-0.0
frame_1540	-0.0	-5000.1230000000005	-0.0
frame_1541	-0.0	-5000.1230000000005	-0.0
frame_1542	-0.0	-5000.1230000000005	-0.0
frame_1543	-0.0	-5000.122	-0.0
frame_1544	-0.0	-5000.122	-0.0
frame_1545	-0.0	-5000.122	-0.0
frame_1546	-0.0	-5000.122	-0.0
frame_1547	-0.0	-5000.1230000000005	-0.0
frame_1548	-0.0	-5000.1230000000005	-0.0
frame_1549	-0.0	-5000.1230000000005	-0.0
frame_1550	-0.0	-5000.1230000000005	-0.0
frame_1551	-0.0	-5000.122	-0.0
frame_1552	-0.0	-5000.122	-0.0
frame_1553	-0.0	-5000.122	-0.0
frame_1554	-0.0	-5000.122	-0.0
frame_1555	-0.0	-5000.122	-0.0
frame_1556	-0.0	-5000.122	-0.0
frame_1557	-0.0	-5000.122	-0.0
frame_1558	-0.0	-5000.122	-0.0
frame_1559	-0.0	-5000.122	-0.0
frame_1560	-0.0	-5000.122	-0.0
frame_1561	-0.0	-5000.122	-0.0
frame_1562	0.0	-5000.122	-0.0
frame_1563	0.0	-5000.122	-0.0
frame_1564	0.0	-5000.122	-0.0
frame_1565	0.0	-5000.122	-0.0
frame_1566	-0.0	-5000.122	-0.0
frame_1567	-0.0	-5000.122	-0.0
frame_1568	0.0	-5000.122	0.0
frame_1569	0.0	-5000.122	0.0
frame_1570	0.0	-5000.1230000000005	0.0
frame_1571	0.0	-5000.1230000000005	0.0
frame_1572	0.0	-5000.1230000000005	0.0
frame_1573	0.0	-5000.1230000000005	0.0
frame_1574	0.0	-5000.1230000000005	0.0
frame_1575	0.0	-5000.1230000000005	0.0
frame_1576	0.0	-5000.1230000000005	0.0
frame_1577	0.0	-5000.1230000000005	0.0
frame_1578	0.0	-5000.1230000000005	0.0
frame_1579	0.0	-5000.124	0.0
frame_1580	0.0	-5000.124	0.0
frame_1581	0.0	-5000.124	0.0
frame_1582	0.0	-5000.124	0.0
frame_1583	0.0	-5000.124	0.0
frame_1584	0.0	-5000.124	0.0
frame_1585	0.0	-5000.124	0.0
frame_1586	0.0	-5000.124	0.0
frame_1587	0.0	-5000.125	0.0
frame_1588	0.0	-5000.125	0.0
frame_1589	0.0	-5000.125	0.0
frame_1590	0.0	-5000.125	0.0
frame_1591	0.0	-5000.125	0.0
frame_1592	0.0	-5000.125	0.0
frame_1593	0.0	-5000.125	0.0
frame_1594	0.0	-5000.124	0.0
frame_1595	0.0	-5000.124	0.0
frame_1596	0.0	-5000.125	0.0
frame_1597	0.0	-5000.125	0.0
frame_1598	0.0	-5000.125	0.0
frame_1599	0.0	-5000.125	0.0
frame_1600	0.0	-5000.125	0.0
frame_1601	0.0	-5000.125	0.0
frame_1602	0.0	-5000.124	0.0
frame_1603	0.0	-5000.124	0.0
frame_1604	0.0	-5000.124	0.0
frame_1605	0.0	-5000.124	0.0
frame_1606	0.0	-5000.124	0.0
frame_1607	0.0	-5000.124	0.0
frame_1608	0.0	-5000.124	0.0
frame_1609	0.0	-5000.124	0.0
frame_1610	0.0	-5000.124	0.0
frame_1611	0.0	-5000.124	0.0
frame_1612	0.0	-5000.124	0.0
frame_1613	0.0	-5000.125	0.0
frame_1614	0.0	-5000.125	0.0
frame_1615	0.0	-5000.126	0.0
frame_1616	0.0	-5000.126	0.0
frame_1617	0.0	-5000.126	0.0
frame_1618	0.0	-5000.126	0.0
frame_1619	0.0	-5000.126	0.0
frame_1620	0.0	-5000.126	0.0
frame_1621	0.0	-5000.126	0.0
frame_1622	0.0	-5000.126	0.0
frame_1623	0.0	-5000.127	0.0
frame_1624	0.0	-5000.127	0.0
frame_1625	0.0	-5000.127	0.0
frame_1626	0.0	-5000.127	0.0
frame_1627	0.0	-5000.127	0.0
frame_1628	0.0	-5000.127	0.0
frame_1629	0.0	-5000.127	0.0
frame_1630	0.0	-5000.126	0.0
frame_1631	0.0	-5000.126	0.0
frame_1632	0.0	-5000.127	0.0
frame_1633	0.0	-5000.127	0.0
frame_1634	0.0	-5000.126	0.0
frame_1635	0.0	-5000.126	0.0
frame_1636	0.0	-5000.126	0.0
frame_1637	0.0	-5000.126	0.0
frame_1638	-0.0	-5000.126	0.0
frame_1639	-0.0	-5000.126	0.0
frame_1640	-0.0	-5000.127	0.0
frame_1641	-0.0	-5000.127	0.0
frame_1642	-0.0	-5000.127	0.0
frame_1643	-0.0	-5000.127	0.0
frame_1644	-0.0	-5000.127	0.0
frame_1645	-0.0	-5000.127	0.0
frame_1646	-0.0	-5000.127	0.0
frame_1647	-0.0	-5000.127	0.0
frame_1648	-0.0	-5000.127	0.0
frame_1649	-0.0	-5000.127	0.0
frame_1650	-0.0	-5000.127	0.0
frame_1651	-0.0	-5000.128	0.0
frame_1652	-0.0	-5000.128	0.0
frame_1653	-0.0	-5000.128	0.0
frame_1654	-0.0	-5000.128	0.0
frame_1655	-0.0	-5000.128	0.0
frame_1656	-0.0	-5000.128	0.0
frame_1657	-0.0	-5000.128	0.0
frame_1658	-0.0	-5000.129	0.0
frame_1659	-0.0	-5000.129	0.0
frame_1660	-0.0	-5000.129	0.0
frame_1661	-0.0	-5000.129	0.0
frame_1662	-0.0	-5000.129	0.0
frame_1663	-0.0	-5000.129	0.0
frame_1664	-0.0	-5000.13	0.0
frame_1665	-0.0	-5000.13	0.0
frame_1666	-0.0	-5000.129	0.0
frame_1667	-0.0	-5000.129	0.0
frame_1668	-0.0	-5000.129	0.0
frame_1669	-0.0	-5000.129	0.0
frame_1670	-0.0	-5000.129	0.0
frame_1671	-0.0	-5000.129	0.0
frame_1672	-0.0	-5000.129	0.0
frame_1673	-0.0	-5000.13	0.0
frame_1674	-0.0	-5000.13	0.0
frame_1675	-0.0	-5000.13	0.0
frame_1676	-0.0	-5000.13	0.0
frame_1677	-0.0	-5000.13	0.0
frame_1678	-0.0	-5000.13	0.0
frame_1679	-0.0	-5000.13	0.0
frame_1680	-0.0	-5000.13	0.0
frame_1681	0.0	-5000.13	0.0
frame_1682	0.0	-5000.13	0.0
frame_1683	0.0	-5000.13	0.0
frame_1684	-0.0	-5000.130999999999	0.0
frame_1685	-0.0	-5000.130999999999	0.0
frame_1686	-0.0	-5000.130999999999	0.0
frame_1687	-0.0	-5000.130999999999	0.0
frame_1688	-0.0	-5000.130999999999	0.0
frame_1689	-0.0	-5000.130999999999	0.0
frame_1690	-0.0	-5000.130999999999	0.0
frame_1691	-0.0	-5000.130999999999	0.0
frame_1692	-0.0	-5000.130999999999	0.0
frame_1693	-0.0	-5000.130999999999	0.0
frame_1694	-0.0	-5000.130999999999	0.0
frame_1695	-0.0	-5000.130999999999	0.0
frame_1696	-0.0	-5000.130999999999	0.0
frame_1697	-0.0	-5000.130999999999	0.0
frame_1698	-0.0	-5000.130999999999	0.0
frame_1699	-0.0	-5000.130999999999	0.0
frame_1700	-0.0	-5000.130999999999	0.0
frame_1701	-0.0	-5000.130999999999	0.0
frame_1702	-0.0	-5000.130999999999	0.0
frame_1703	-0.0	-5000.130999999999	0.0
frame_1704	-0.0	-5000.130999999999	0.0
frame_1705	-0.0	-5000.13	0.0
frame_1706	-0.0	-5000.13	0.0
frame_1707	-0.0	-5000.129	0.0
frame_1708	-0.0	-5000.129	0.0
frame_1709	-0.0	-5000.129	0.0
frame_1710	-0.0	-5000.129	0.0
frame_1711	-0.0	-5000.129	0.0
frame_1712	-0.0	-5000.129	0.0
frame_1713	-0.0	-5000.129	0.0
frame_1714	-0.0	-5000.128	0.0
frame_1715	-0.0	-5000.128	0.0
frame_1716	-0.0	-5000.128	0.0
frame_1717	-0.0	-5000.128	0.0
frame_1718	-0.0	-5000.128	0.0
frame_1719	-0.0	-5000.128	0.0
frame_1720	-24.114358974358975	-5000.129	-33.19025641025641
frame_1721	-84.40025641025642	-5000.129	-116.16589743589743
frame_1722	-144.68615384615387	-5000.13	-199.14153846153846
frame_1723	-204.97205128205135	-5000.13	-282.11717948717944
frame_1724	-265.25794871794875	-5000.13	-365.0928205128205
frame_1725	-325.54384615384623	-5000.129	-448.0684615384615
frame_1726	-385.8297435897437	-5000.129	-531.0441025641026
frame_1727	-446.11564102564114	-5000.129	-614.0197435897435
frame_1728	-470.22999999999996	-5000.129	-647.2099999999999
frame_1729	-470.22999999999996	-5000.129	-647.2099999999999
frame_1730	-470.22999999999996	-5000.129	-647.2099999999999
frame_1731	-470.22999999999996	-5000.129	-647.2099999999999
frame_1732	-470.22999999999996	-5000.129	-647.2099999999999
frame_1733	-470.22999999999996	-5000.129	-647.2099999999999
frame_1734	-470.22999999999996	-5000.129	-647.2099999999999
frame_1735	-470.22999999999996	-5000.129	-647.2099999999999
frame_1736	-470.22999999999996	-5000.129	-647.2099999999999
frame_1737	-470.22999999999996	-5000.129	-647.2099999999999
frame_1738	-470.22999999999996	-5000.13	-647.2099999999999
frame_1739	-470.22999999999996	-5000.13	-647.2099999999999
frame_1740	-470.22999999999996	-5000.130999999999	-647.2099999999999
frame_1741	-470.22999999999996	-5000.130999999999	-647.2099999999999
frame_1742	-470.22999999999996	-5000.130999999999	-647.2099999999999
frame_1743	-470.22999999999996	-5000.130999999999	-647.2099999999999
frame_1744	-470.22999999999996	-5000.130999999999	-647.2099999999999
frame_1745	-470.22999999999996	-5000.130999999999	-647.2099999999999
frame_1746	-470.22999999999996	-5000.132	-647.2099999999999
frame_1747	-470.22999999999996	-5000.132	-647.2099999999999
frame_1748	-470.22999999999996	-5000.132	-647.2099999999999
frame_1749	-470.22999999999996	-5000.132	-647.2099999999999
frame_1750	-470.22999999999996	-5000.132	-647.2099999999999
frame_1751	-470.22999999999996	-5000.132	-647.2099999999999
frame_1752	-470.22999999999996	-5000.132	-647.2099999999999
frame_1753	-470.22999999999996	-5000.133	-647.2099999999999
frame_1754	-470.22999999999996	-5000.133	-647.2099999999999
frame_1755	-470.22999999999996	-5000.133	-647.2099999999999
frame_1756	-470.22999999999996	-5000.133	-647.2099999999999
frame_1757	-470.22999999999996	-5000.133	-647.2099999999999
frame_1758	-470.22999999999996	-5000.133	-647.2099999999999
frame_1759	-470.22999999999996	-5000.133	-647.2099999999999
frame_1760	-470.22999999999996	-5000.133	-647.2099999999999
frame_1761	-470.22999999999996	-5000.134	-647.2099999999999
frame_1762	-470.22999999999996	-5000.134	-647.2099999999999
frame_1763	-470.22999999999996	-5000.134	-647.2099999999999
frame_1764	-470.22999999999996	-5000.134	-647.2099999999999
frame_1765	-470.22999999999996	-5000.135	-647.2099999999999
frame_1766	-470.22999999999996	-5000.135	-647.2099999999999
frame_1767	-470.22999999999996	-5000.135	-647.2099999999999
frame_1768	-470.22999999999996	-5000.135	-647.2099999999999
frame_1769	-470.22999999999996	-5000.135	-647.2099999999999
frame_1770	-470.22999999999996	-5000.135	-647.2099999999999
frame_1771	-470.22999999999996	-5000.135	-647.2099999999999
frame_1772	-470.22999999999996	-5000.134	-647.2099999999999
frame_1773	-470.22999999999996	-5000.134	-647.2099999999999
frame_1774	-470.22999999999996	-5000.134	-647.2099999999999
frame_1775	-470.22999999999996	-5000.134	-647.2099999999999
frame_1776	-470.22999999999996	-5000.135	-647.2099999999999
frame_1777	-470.22999999999996	-5000.135	-647.2099999999999
frame_1778	-470.22999999999996	-5000.134	-647.2099999999999
frame_1779	-470.22999999999996	-5000.134	-647.2099999999999
frame_1780	-470.22999999999996	-5000.134	-647.2099999999999
frame_1781	-470.22999999999996	-5000.134	-647.2099999999999
frame_1782	-470.22999999999996	-5000.134	-647.2099999999999
frame_1783	-470.22999999999996	-5000.135	-647.2099999999999
frame_1784	-470.22999999999996	-5000.135	-647.2099999999999
frame_1785	-470.22999999999996	-5000.136	-647.2099999999999
frame_1786	-470.22999999999996	-5000.136	-647.2099999999999
frame_1787	-470.22	-5000.136	-647.2099999999999
frame_1788	-470.22	-5000.136	-647.2099999999999
frame_1789	-470.22	-5000.135	-647.2099999999999
frame_1790	-470.22	-5000.135	-647.2099999999999
frame_1791	-470.22	-5000.135	-647.2099999999999
frame_1792	-470.22	-5000.135	-647.2099999999999
frame_1793	-470.22	-5000.135	-647.2099999999999
frame_1794	-470.22	-5000.135	-647.2099999999999
frame_1795	-470.22	-5000.135	-647.2099999999999
frame_1796	-470.22	-5000.135	-647.2099999999999
frame_1797	-470.22999999999996	-5000.136	-647.2099999999999
frame_1798	-470.22999999999996	-5000.136	-647.2099999999999
frame_1799	-470.22999999999996	-5000.136	-647.2099999999999
frame_1800	-470.22999999999996	-5000.136	-647.2099999999999
frame_1801	-470.22999999999996	-5000.136	-647.2099999999999
frame_1802	-470.22999999999996	-5000.136	-647.2099999999999
frame_1803	-470.22999999999996	-5000.136	-647.2099999999999
frame_1804	-470.22999999999996	-5000.136	-647.2099999999999
frame_1805	-470.22999999999996	-5000.136	-647.2099999999999
frame_1806	-470.22999999999996	-5000.136	-647.2099999999999
frame_1807	-470.22999999999996	-5000.136	-647.2099999999999
frame_1808	-470.22999999999996	-5000.136	-647.2099999999999
frame_1809	-470.22999999999996	-5000.136	-647.2099999999999
frame_1810	-470.22999999999996	-5000.136	-647.2099999999999
frame_1811	-470.22999999999996	-5000.136	-647.2099999999999
frame_1812	-470.22999999999996	-5000.136	-647.2099999999999
frame_1813	-470.22999999999996	-5000.135	-647.2099999999999
frame_1814	-470.22999999999996	-5000.135	-647.2099999999999
frame_1815	-470.22999999999996	-5000.136	-647.2099999999999
frame_1816	-470.22999999999996	-5000.136	-647.2099999999999
frame_1817	-470.22999999999996	-5000.136	-647.2099999999999
frame_1818	-470.22999999999996	-5000.136	-647.2099999999999
frame_1819	-470.22999999999996	-5000.136	-647.2099999999999
frame_1820	-470.22999999999996	-5000.136	-647.2099999999999
frame_1821	-470.22999999999996	-5000.137	-647.2099999999999
frame_1822	-470.22999999999996	-5000.137	-647.2099999999999
frame_1823	-470.22999999999996	-5000.137	-647.2099999999999
frame_1824	-470.22999999999996	-5000.137	-647.2099999999999
frame_1825	-470.22999999999996	-5000.137	-647.2099999999999
frame_1826	-470.22999999999996	-5000.137	-647.2099999999999
frame_1827	-470.22999999999996	-5000.137	-647.2099999999999
frame_1828	-470.22999999999996	-5000.137	-647.2099999999999
frame_1829	-470.22999999999996	-5000.137	-647.2099999999999
frame_1830	-470.22999999999996	-5000.137	-647.2099999999999
frame_1831	-470.22999999999996	-5000.137	-647.2099999999999
frame_1832	-470.22999999999996	-5000.137	-647.2099999999999
frame_1833	-470.22999999999996	-5000.137	-647.2099999999999
frame_1834	-470.22999999999996	-5000.136	-647.2099999999999
frame_1835	-470.22999999999996	-5000.136	-647.2099999999999
frame_1836	-470.22999999999996	-5000.137	-647.2099999999999
frame_1837	-470.22999999999996	-5000.137	-647.2099999999999
frame_1838	-470.22999999999996	-5000.137	-647.2099999999999
frame_1839	-470.22999999999996	-5000.137	-647.2099999999999
frame_1840	-470.22999999999996	-5000.137	-647.2099999999999
frame_1841	-470.22999999999996	-5000.137	-647.2099999999999
frame_1842	-470.22999999999996	-5000.137	-647.2099999999999
frame_1843	-470.22999999999996	-5000.136	-647.2099999999999
frame_1844	-470.22999999999996	-5000.136	-647.2099999999999
frame_1845	-470.22999999999996	-5000.136	-647.2099999999999
frame_1846	-470.22999999999996	-5000.136	-647.2099999999999
frame_1847	-470.22999999999996	-5000.136	-647.2099999999999
frame_1848	-470.22999999999996	-5000.136	-647.2099999999999
frame_1849	-470.22999999999996	-5000.137	-647.2099999999999
frame_1850	-470.22999999999996	-5000.137	-647.2099999999999
frame_1851	-470.22999999999996	-5000.138	-647.2099999999999
frame_1852	-470.22999999999996	-5000.138	-647.2099999999999
frame_1853	-470.22999999999996	-5000.138	-647.2099999999999
frame_1854	-470.22999999999996	-5000.138	-647.2099999999999
frame_1855	-470.22999999999996	-5000.138	-647.2099999999999
frame_1856	-470.22999999999996	-5000.138	-647.2099999999999
frame_1857	-470.22999999999996	-5000.138	-647.2099999999999
frame_1858	-470.22999999999996	-5000.138	-647.2099999999999
frame_1859	-470.22999999999996	-5000.138	-647.2099999999999
frame_1860	-470.22999999999996	-5000.138	-647.2099999999999
frame_1861	-470.22999999999996	-5000.138	-647.2099999999999
frame_1862	-470.22999999999996	-5000.138	-647.2099999999999
frame_1863	-470.22999999999996	-5000.138	-647.2099999999999
frame_1864	-470.22999999999996	-5000.138	-647.2099999999999
frame_1865	-470.22999999999996	-5000.138	-647.2099999999999
frame_1866	-470.22999999999996	-5000.138	-647.2099999999999
frame_1867	-470.22999999999996	-5000.138	-647.2099999999999
frame_1868	-470.22999999999996	-5000.138	-647.2099999999999
frame_1869	-470.22999999999996	-5000.138	-647.2099999999999
frame_1870	-470.22999999999996	-5000.139	-647.2099999999999
frame_1871	-470.22999999999996	-5000.139	-647.2099999999999
frame_1872	-470.22999999999996	-5000.139	-647.2099999999999
frame_1873	-470.22999999999996	-5000.139	-647.2099999999999
frame_1874	-470.22999999999996	-5000.139	-647.2099999999999
frame_1875	-470.22999999999996	-5000.139	-647.2099999999999
frame_1876	-470.22999999999996	-5000.139	-647.2099999999999
frame_1877	-470.22999999999996	-5000.139	-647.2099999999999
frame_1878	-470.22999999999996	-5000.139	-647.2099999999999
frame_1879	-470.22999999999996	-5000.139	-647.2099999999999
frame_1880	-470.22999999999996	-5000.139	-647.2099999999999
frame_1881	-470.22999999999996	-5000.139	-647.2099999999999
frame_1882	-470.22999999999996	-5000.139	-647.2099999999999
frame_1883	-470.22999999999996	-5000.139	-647.2099999999999
frame_1884	-470.22999999999996	-5000.139	-647.2099999999999
frame_1885	-470.22999999999996	-5000.139	-647.2099999999999
frame_1886	-470.22999999999996	-5000.139	-647.2099999999999
frame_1887	-470.22999999999996	-5000.14	-647.2099999999999
frame_1888	-470.22999999999996	-5000.14	-647.2099999999999
frame_1889	-470.22999999999996	-5000.14	-647.2099999999999
frame_1890	-470.22999999999996	-5000.139	-647.2099999999999
frame_1891	-470.22999999999996	-5000.139	-647.2099999999999
frame_1892	-470.22999999999996	-5000.14	-647.2099999999999
frame_1893	-470.22999999999996	-5000.14	-647.2099999999999
frame_1894	-470.22999999999996	-5000.14	-647.2099999999999
frame_1895	-470.22999999999996	-5000.14	-647.2099999999999
frame_1896	-470.22999999999996	-5000.14	-647.2099999999999
frame_1897	-470.22999999999996	-5000.14	-647.2099999999999
frame_1898	-470.22999999999996	-5000.1410000000005	-647.2099999999999
frame_1899	-470.22999999999996	-5000.1410000000005	-647.2099999999999
frame_1900	-470.22999999999996	-5000.142000000001	-647.2099999999999
frame_1901	-470.22999999999996	-5000.142000000001	-647.2099999999999
frame_1902	-470.22999999999996	-5000.142000000001	-647.2099999999999
frame_1903	-470.22999999999996	-5000.142000000001	-647.2099999999999
frame_1904	-470.22999999999996	-5000.142000000001	-647.2099999999999
frame_1905	-470.22999999999996	-5000.142000000001	-647.2099999999999
frame_1906	-470.22999999999996	-5000.142000000001	-647.2099999999999
frame_1907	-470.22999999999996	-5000.142000000001	-647.2099999999999
frame_1908	-470.22999999999996	-5000.142000000001	-647.2099999999999
frame_1909	-470.22999999999996	-5000.142999999999	-647.2099999999999
frame_1910	-470.22999999999996	-5000.142999999999	-647.2099999999999
frame_1911	-470.22999999999996	-5000.142999999999	-647.2099999999999
frame_1912	-470.22999999999996	-5000.142999999999	-647.2099999999999
frame_1913	-470.22999999999996	-5000.142999999999	-647.2099999999999
frame_1914	-470.22999999999996	-5000.142999999999	-647.2099999999999
frame_1915	-458.17282051282046	-5000.142999999999	-630.6148717948718
frame_1916	-397.88692307692304	-5000.142999999999	-547.6392307692307
frame_1917	-337.60102564102556	-5000.142999999999	-464.6635897435897
frame_1918	-277.3151282051281	-5000.143999999999	-381.68794871794864
frame_1919	-217.02923076923065	-5000.143999999999	-298.7123076923076
frame_1920	-156.74333333333317	-5000.143999999999	-215.73666666666657
frame_1921	-96.45743589743572	-5000.143999999999	-132.76102564102555
frame_1922	-36.171538461538276	-5000.142999999999	-49.78538461538451
frame_1923	0.0	-5000.142999999999	0.0
frame_1924	0.0	-5000.142999999999	-0.0
frame_1925	0.0	-5000.142999999999	-0.0
frame_1926	0.0	-5000.142999999999	0.0
frame_1927	0.0	-5000.142999999999	0.0
frame_1928	0.0	-5000.142999999999	0.0
frame_1929	0.0	-5000.142999999999	0.0
frame_1930	0.0	-5000.143999999999	0.0
frame_1931	0.0	-5000.143999999999	0.0
frame_1932	0.0	-5000.142999999999	0.0
frame_1933	0.0	-5000.142999999999	0.0
frame_1934	0.0	-5000.142999999999	0.0
frame_1935	0.0	-5000.142999999999	0.0
frame_1936	0.0	-5000.142999999999	0.0
frame_1937	0.0	-5000.143999999999	0.0
frame_1938	0.0	-5000.143999999999	0.0
frame_1939	0.0	-5000.143999999999	0.0
frame_1940	0.0	-5000.143999999999	0.0
frame_1941	0.0	-5000.143999999999	0.0
frame_1942	0.0	-5000.143999999999	0.0
frame_1943	0.0	-5000.143999999999	0.0
frame_1944	0.0	-5000.143999999999	0.0
frame_1945	0.0	-5000.143999999999	0.0
frame_1946	0.0	-5000.143999999999	0.0
frame_1947	0.0	-5000.1449999999995	0.0
frame_1948	0.0	-5000.1449999999995	0.0
frame_1949	0.0	-5000.1449999999995	0.0
frame_1950	0.0	-5000.1449999999995	0.0
frame_1951	0.0	-5000.1449999999995	0.0
frame_1952	0.0	-5000.1449999999995	0.0
frame_1953	0.0	-5000.1449999999995	0.0
frame_1954	0.0	-5000.1449999999995	0.0
frame_1955	0.0	-5000.1449999999995	0.0
frame_1956	0.0	-5000.146	0.0
frame_1957	0.0	-5000.146	0.0
frame_1958	0.0	-5000.146	0.0
frame_1959	0.0	-5000.146	0.0
frame_1960	0.0	-5000.1449999999995	0.0
frame_1961	0.0	-5000.1449999999995	0.0
frame_1962	0.0	-5000.146	0.0
frame_1963	0.0	-5000.146	0.0
frame_1964	0.0	-5000.146	0.0
frame_1965	0.0	-5000.146	0.0
frame_1966	0.0	-5000.146	0.0
frame_1967	0.0	-5000.146	0.0
frame_1968	0.0	-5000.146	0.0
