frame_0	1975.8	-5909.66	0.0
frame_1	1975.8	-5909.66	0.0
frame_2	1963.86	-5878.99	0.0
frame_3	1963.86	-5878.99	0.0
frame_4	1963.86	-5878.99	0.0
frame_5	1951.6	-5848.752	0.0
frame_6	1951.6	-5848.752	0.0
frame_7	1939.5	-5818.615000000001	0.0
frame_8	1939.5	-5818.615000000001	0.0
frame_9	1927.45	-5787.954	0.0
frame_10	1927.45	-5787.954	0.0
frame_11	1915.18	-5757.696	0.0
frame_12	1915.18	-5757.696	0.0
frame_13	1903.0800000000002	-5727.299	-0.0
frame_14	1903.0800000000002	-5727.299	-0.0
frame_15	1903.0800000000002	-5727.299	-0.0
frame_16	1890.9199999999998	-5697.501	-0.0
frame_17	1890.9199999999998	-5697.501	-0.0
frame_18	1879.0	-5666.840999999999	0.0
frame_19	1879.0	-5666.840999999999	0.0
frame_20	1866.74	-5636.755	0.0
frame_21	1866.74	-5636.755	0.0
frame_22	1854.7	-5606.013	0.0
frame_23	1854.7	-5606.013	0.0
frame_24	1842.41	-5576.193	0.0
frame_25	1842.41	-5576.193	0.0
frame_26	1830.48	-5545.581999999999	0.0
frame_27	1830.48	-5545.581999999999	0.0
frame_28	1830.48	-5545.581999999999	0.0
frame_29	1818.23	-5515.174	-0.0
frame_30	1818.23	-5515.174	-0.0
frame_31	1806.0700000000002	-5485.245	-0.0
frame_32	1806.0700000000002	-5485.245	-0.0
frame_33	1794.1000000000001	-5454.6720000000005	-0.0
frame_34	1794.1000000000001	-5454.6720000000005	-0.0
frame_35	1781.8700000000001	-5424.339	0.0
frame_36	1781.8700000000001	-5424.339	0.0
frame_37	1769.74	-5394.849	0.0
frame_38	1769.74	-5394.849	0.0
frame_39	1757.94	-5364.045	-0.0
frame_40	1757.94	-5364.045	-0.0
frame_41	1745.62	-5333.374	0.0
frame_42	1745.62	-5333.374	0.0
frame_43	1733.35	-5303.442	0.0
frame_44	1733.35	-5303.442	0.0
frame_45	1733.35	-5303.442	0.0
frame_46	1721.3799999999999	-5273.456999999999	0.0
frame_47	1721.3799999999999	-5273.456999999999	0.0
frame_48	1709.3799999999999	-5242.358	-0.0
frame_49	1709.3799999999999	-5242.358	-0.0
frame_50	1696.9399999999998	-5212.507	-0.0
frame_51	1696.9399999999998	-5212.507	-0.0
frame_52	1685.0	-5182.231	0.0
frame_53	1685.0	-5182.231	0.0
frame_54	1672.89	-5152.25	0.0
frame_55	1672.89	-5152.25	0.0
frame_56	1660.9	-5121.585999999999	0.0
frame_57	1660.9	-5121.585999999999	0.0
frame_58	1648.64	-5091.894	0.0
frame_59	1648.64	-5091.894	0.0
frame_60	1636.76	-5060.317999999999	-0.0
frame_61	1636.76	-5060.317999999999	-0.0
frame_62	1624.13	-5030.316	0.0
frame_63	1624.13	-5030.316	0.0
frame_64	1624.13	-5030.316	0.0
frame_65	1612.13	-5000.389	0.0
frame_66	1612.13	-5000.389	0.0
frame_67	1600.1499999999999	-4969.951	-0.0
frame_68	1600.1499999999999	-4969.951	-0.0
frame_69	1587.98	-4940.081	0.0
frame_70	1587.98	-4940.081	0.0
frame_71	1576.03	-4909.342	-0.0
frame_72	1576.03	-4909.342	-0.0
frame_73	1563.74	-4878.775	0.0
frame_74	1563.74	-4878.775	0.0
frame_75	1551.51	-4848.197	-0.0
frame_76	1551.51	-4848.197	-0.0
frame_77	1539.28	-4819.165	0.0
frame_78	1539.28	-4819.165	0.0
frame_79	1527.67	-4788.026000000001	0.0
frame_80	1527.67	-4788.026000000001	0.0
frame_81	1527.67	-4788.026000000001	0.0
frame_82	1515.21	-4758.307000000001	-0.0
frame_83	1515.21	-4758.307000000001	-0.0
frame_84	1503.32	-4727.928999999999	-0.0
frame_85	1503.32	-4727.928999999999	-0.0
frame_86	1491.17	-4697.8330000000005	0.0
frame_87	1491.17	-4697.8330000000005	0.0
frame_88	1479.13	-4667.3099999999995	0.0
frame_89	1479.13	-4667.3099999999995	0.0
frame_90	1466.92	-4636.709	0.0
frame_91	1466.92	-4636.709	0.0
frame_92	1454.68	-4606.6669999999995	-0.0
frame_93	1454.68	-4606.6669999999995	-0.0
frame_94	1442.6699999999998	-4576.837	0.0
frame_95	1442.6699999999998	-4576.837	0.0
frame_96	1430.73	-4546.751	0.0
frame_97	1430.73	-4546.751	0.0
frame_98	1418.7	-4515.805	-0.0
frame_99	1418.7	-4515.805	-0.0
frame_100	1418.7	-4515.805	-0.0
frame_101	1406.32	-4485.4349999999995	-0.0
frame_102	1406.32	-4485.4349999999995	-0.0
frame_103	1394.1699999999998	-4455.726000000001	0.0
frame_104	1394.1699999999998	-4455.726000000001	0.0
frame_105	1382.29	-4425.196	0.0
frame_106	1382.29	-4425.196	0.0
frame_107	1370.08	-4394.374	0.0
frame_108	1370.08	-4394.374	0.0
frame_109	1357.75	-4364.2390000000005	0.0
frame_110	1357.75	-4364.2390000000005	0.0
frame_111	1345.6999999999998	-4333.549	0.0
frame_112	1345.6999999999998	-4333.549	0.0
frame_113	1333.42	-4304.302	0.0
frame_114	1333.42	-4304.302	0.0
frame_115	1333.42	-4304.302	0.0
frame_116	1321.72	-4273.911	0.0
frame_117	1321.72	-4273.911	0.0
frame_118	1309.56	-4242.988	0.0
frame_119	1309.56	-4242.988	0.0
frame_120	1297.1999999999998	-4212.815	-0.0
frame_121	1297.1999999999998	-4212.815	-0.0
frame_122	1285.13	-4182.469	-0.0
frame_123	1285.13	-4182.469	-0.0
frame_124	1272.99	-4152.405	0.0
frame_125	1272.99	-4152.405	0.0
frame_126	1272.99	-4152.405	0.0
frame_127	1260.96	-4121.9400000000005	0.0
frame_128	1260.96	-4121.9400000000005	0.0
frame_129	1248.78	-4091.1799999999994	0.0
frame_130	1248.78	-4091.1799999999994	0.0
frame_131	1236.47	-4061.6659999999997	0.0
frame_132	1236.47	-4061.6659999999997	0.0
frame_133	1224.6699999999998	-4031.136	-0.0
frame_134	1224.6699999999998	-4031.136	-0.0
frame_135	1212.45	-4001.202	0.0
frame_136	1212.45	-4001.202	0.0
frame_137	1200.48	-3969.601	0.0
frame_138	1200.48	-3969.601	0.0
frame_139	1187.84	-3940.1150000000002	0.0
frame_140	1187.84	-3940.1150000000002	0.0
frame_141	1176.05	-3910.091	-0.0
frame_142	1176.05	-3910.091	-0.0
frame_143	1164.04	-3879.314	0.0
frame_144	1164.04	-3879.314	0.0
frame_145	1164.04	-3879.314	0.0
frame_146	1151.73	-3849.478	0.0
frame_147	1151.73	-3849.478	0.0
frame_148	1139.7900000000002	-3819.054	-0.0
frame_149	1139.7900000000002	-3819.054	-0.0
frame_150	1127.6200000000001	-3789.158	0.0
frame_151	1127.6200000000001	-3789.158	0.0
frame_152	1115.66	-3758.789	0.0
frame_153	1115.66	-3758.789	0.0
frame_154	1103.52	-3728.069	0.0
frame_155	1103.52	-3728.069	0.0
frame_156	1091.23	-3698.108	0.0
frame_157	1091.23	-3698.108	0.0
frame_158	1091.23	-3698.108	0.0
frame_159	1079.24	-3667.974	-0.0
frame_160	1079.24	-3667.974	-0.0
frame_161	1067.19	-3637.4970000000003	-0.0
frame_162	1067.19	-3637.4970000000003	-0.0
frame_163	1055.0	-3606.792	0.0
frame_164	1055.0	-3606.792	0.0
frame_165	1042.72	-3576.5389999999998	-0.0
frame_166	1042.72	-3576.5389999999998	-0.0
frame_167	1030.6200000000001	-3546.023	0.0
frame_168	1030.6200000000001	-3546.023	0.0
frame_169	1018.4100000000001	-3516.105	0.0
frame_170	1018.4100000000001	-3516.105	0.0
frame_171	1006.44	-3486.274	0.0
frame_172	1006.44	-3486.274	0.0
frame_173	994.51	-3456.071	0.0
frame_174	994.51	-3456.071	0.0
frame_175	994.51	-3456.071	0.0
frame_176	982.4300000000001	-3424.962	-0.0
frame_177	982.4300000000001	-3424.962	-0.0
frame_178	969.9799999999999	-3395.006	0.0
frame_179	969.9799999999999	-3395.006	0.0
frame_180	958.0	-3364.989	0.0
frame_181	958.0	-3364.989	0.0
frame_182	946.0	-3334.336	0.0
frame_183	946.0	-3334.336	0.0
frame_184	933.7299999999999	-3304.564	0.0
frame_185	933.7299999999999	-3304.564	0.0
frame_186	921.83	-3273.643	0.0
frame_187	921.83	-3273.643	0.0
frame_188	909.46	-3243.955	0.0
frame_189	909.46	-3243.955	0.0
frame_190	897.58	-3213.706	-0.0
frame_191	897.58	-3213.706	-0.0
frame_192	897.58	-3213.706	-0.0
frame_193	885.48	-3183.481	0.0
frame_194	885.48	-3183.481	0.0
frame_195	873.39	-3152.071	0.0
frame_196	873.39	-3152.071	0.0
frame_197	860.8299999999999	-3122.6820000000002	-0.0
frame_198	860.8299999999999	-3122.6820000000002	-0.0
frame_199	849.0699999999999	-3092.385	0.0
frame_200	849.0699999999999	-3092.385	0.0
frame_201	836.9499999999999	-3061.777	0.0
frame_202	836.9499999999999	-3061.777	0.0
frame_203	824.71	-3031.782	-0.0
frame_204	824.71	-3031.782	-0.0
frame_205	812.71	-3001.0460000000003	0.0
frame_206	812.71	-3001.0460000000003	0.0
frame_207	800.4200000000001	-2970.532	0.0
frame_208	800.4200000000001	-2970.532	0.0
frame_209	800.4200000000001	-2970.532	0.0
frame_210	788.2099999999999	-2941.004	0.0
frame_211	788.2099999999999	-2941.004	0.0
frame_212	776.4	-2910.4269999999997	0.0
frame_213	776.4	-2910.4269999999997	0.0
frame_214	764.1700000000001	-2879.873	-0.0
frame_215	764.1700000000001	-2879.873	-0.0
frame_216	751.95	-2849.799	0.0
frame_217	751.95	-2849.799	0.0
frame_218	739.9200000000001	-2819.697	0.0
frame_219	739.9200000000001	-2819.697	0.0
frame_220	727.88	-2789.825	0.0
frame_221	727.88	-2789.825	0.0
frame_222	715.93	-2758.8089999999997	0.0
frame_223	715.93	-2758.8089999999997	0.0
frame_224	703.52	-2728.97	-0.0
frame_225	703.52	-2728.97	-0.0
frame_226	691.59	-2698.636	-0.0
frame_227	691.59	-2698.636	-0.0
frame_228	691.59	-2698.636	-0.0
frame_229	679.45	-2668.478	-0.0
frame_230	679.45	-2668.478	-0.0
frame_231	667.39	-2638.191	0.0
frame_232	667.39	-2638.191	0.0
frame_233	655.28	-2607.13	0.0
frame_234	655.28	-2607.13	0.0
frame_235	642.85	-2577.715	0.0
frame_236	642.85	-2577.715	0.0
frame_237	631.09	-2547.342	0.0
frame_238	631.09	-2547.342	0.0
frame_239	618.94	-2516.429	-0.0
frame_240	618.94	-2516.429	-0.0
frame_241	606.57	-2486.624	0.0
frame_242	606.57	-2486.624	0.0
frame_243	606.57	-2486.624	0.0
frame_244	594.65	-2455.898	0.0
frame_245	594.65	-2455.898	0.0
frame_246	582.36	-2425.635	-0.0
frame_247	582.36	-2425.635	-0.0
frame_248	570.25	-2395.442	0.0
frame_249	570.25	-2395.442	0.0
frame_250	558.1800000000001	-2365.2639999999997	0.0
frame_251	558.1800000000001	-2365.2639999999997	0.0
frame_252	546.11	-2334.791	0.0
frame_253	546.11	-2334.791	0.0
frame_254	533.92	-2305.072	-0.0
frame_255	533.92	-2305.072	-0.0
frame_256	522.03	-2274.648	0.0
frame_257	522.03	-2274.648	0.0
frame_258	522.03	-2274.648	0.0
frame_259	509.85999999999996	-2244.406	-0.0
frame_260	509.85999999999996	-2244.406	-0.0
frame_261	497.76	-2214.035	-0.0
frame_262	497.76	-2214.035	-0.0
frame_263	485.61	-2183.491	-0.0
frame_264	485.61	-2183.491	-0.0
frame_265	473.4	-2153.036	0.0
frame_266	473.4	-2153.036	0.0
frame_267	461.21000000000004	-2123.348	0.0
frame_268	461.21000000000004	-2123.348	0.0
frame_269	449.34000000000003	-2092.9700000000003	-0.0
frame_270	449.34000000000003	-2092.9700000000003	-0.0
frame_271	437.19	-2061.245	0.0
frame_272	437.19	-2061.245	0.0
frame_273	437.19	-2061.245	0.0
frame_274	424.5	-2032.46	-0.0
frame_275	424.5	-2032.46	-0.0
frame_276	412.98	-2001.9589999999998	-0.0
frame_277	412.98	-2001.9589999999998	-0.0
frame_278	400.78000000000003	-1971.476	0.0
frame_279	400.78000000000003	-1971.476	0.0
frame_280	388.59	-1941.061	0.0
frame_281	388.59	-1941.061	0.0
frame_282	376.43	-1911.109	0.0
frame_283	376.43	-1911.109	0.0
frame_284	364.44	-1880.528	0.0
frame_285	364.44	-1880.528	0.0
frame_286	352.21000000000004	-1850.603	0.0
frame_287	352.21000000000004	-1850.603	0.0
frame_288	352.21000000000004	-1850.603	0.0
frame_289	340.24	-1818.8690000000001	-0.0
frame_290	340.24	-1818.8690000000001	-0.0
frame_291	327.55	-1789.633	0.0
frame_292	327.55	-1789.633	0.0
frame_293	315.85	-1759.442	-0.0
frame_294	315.85	-1759.442	-0.0
frame_295	303.78	-1729.177	-0.0
frame_296	303.78	-1729.177	-0.0
frame_297	291.66999999999996	-1698.84	0.0
frame_298	291.66999999999996	-1698.84	0.0
frame_299	279.54	-1668.6760000000002	0.0
frame_300	279.54	-1668.6760000000002	0.0
frame_301	267.46999999999997	-1638.3799999999999	0.0
frame_302	267.46999999999997	-1638.3799999999999	0.0
frame_303	255.35000000000002	-1608.093	0.0
frame_304	255.35000000000002	-1608.093	0.0
frame_305	255.35000000000002	-1608.093	0.0
frame_306	243.24	-1578.072	0.0
frame_307	243.24	-1578.072	0.0
frame_308	231.23	-1547.592	-0.0
frame_309	231.23	-1547.592	-0.0
frame_310	219.04000000000002	-1516.615	-0.0
frame_311	219.04000000000002	-1516.615	-0.0
frame_312	206.65	-1486.943	0.0
frame_313	206.65	-1486.943	0.0
frame_314	194.78	-1456.997	0.0
frame_315	194.78	-1456.997	0.0
frame_316	182.79999999999998	-1426.54	0.0
frame_317	182.79999999999998	-1426.54	0.0
frame_318	170.62	-1396.205	-0.0
frame_319	170.62	-1396.205	-0.0
frame_320	170.62	-1396.205	-0.0
frame_321	158.48000000000002	-1365.694	0.0
frame_322	158.48000000000002	-1365.694	0.0
frame_323	146.28	-1335.458	0.0
frame_324	146.28	-1335.458	0.0
frame_325	134.18	-1305.579	-0.0
frame_326	134.18	-1305.579	-0.0
frame_327	122.23	-1274.7820000000002	0.0
frame_328	122.23	-1274.7820000000002	0.0
frame_329	109.91	-1244.037	0.0
frame_330	109.91	-1244.037	0.0
frame_331	97.61	-1214.062	-0.0
frame_332	97.61	-1214.062	-0.0
frame_333	85.63	-1184.15	0.0
frame_334	85.63	-1184.15	0.0
frame_335	85.63	-1184.15	0.0
frame_336	73.66	-1153.9170000000001	0.0
frame_337	73.66	-1153.9170000000001	0.0
frame_338	61.57	-1123.366	-0.0
frame_339	61.57	-1123.366	-0.0
frame_340	49.35	-1092.982	0.0
frame_341	49.35	-1092.982	0.0
frame_342	37.19	-1063.253	0.0
frame_343	37.19	-1063.253	0.0
frame_344	25.3	-1032.884	0.0
frame_345	25.3	-1032.884	0.0
frame_346	13.15	-1002.2990000000001	0.0
frame_347	13.15	-1002.2990000000001	0.0
frame_348	0.92	-971.5192000000001	0.0
frame_349	0.92	-971.5192000000001	0.0
frame_350	-11.39	-1001.1030000000001	0.0
frame_351	-11.39	-1001.1030000000001	0.0
frame_352	-11.39	-1001.1030000000001	0.0
frame_353	-23.23	-1031.52	0.0
frame_354	-23.23	-1031.52	0.0
frame_355	-35.39	-1061.907	-0.0
frame_356	-35.39	-1061.907	-0.0
frame_357	-47.550000000000004	-1092.156	0.0
frame_358	-47.550000000000004	-1092.156	0.0
frame_359	-59.65	-1122.337	0.0
frame_360	-59.65	-1122.337	0.0
frame_361	-71.72	-1152.474	-0.0
frame_362	-71.72	-1152.474	-0.0
frame_363	-83.77	-1183.239	0.0
frame_364	-83.77	-1183.239	0.0
frame_365	-83.77	-1183.239	0.0
frame_366	-96.08	-1213.465	-0.0
frame_367	-96.08	-1213.465	-0.0
frame_368	-108.17	-1243.474	0.0
frame_369	-108.17	-1243.474	0.0
frame_370	-120.17	-1274.135	-0.0
frame_371	-120.17	-1274.135	-0.0
frame_372	-132.44	-1304.367	0.0
frame_373	-132.44	-1304.367	0.0
frame_374	-144.53	-1334.7610000000002	0.0
frame_375	-144.53	-1334.7610000000002	0.0
frame_376	-144.53	-1334.7610000000002	0.0
frame_377	-156.69	-1365.3029999999999	-0.0
frame_378	-156.69	-1365.3029999999999	-0.0
frame_379	-168.91	-1394.9560000000001	0.0
frame_380	-168.91	-1394.9560000000001	0.0
frame_381	-180.76999999999998	-1425.011	-0.0
frame_382	-180.76999999999998	-1425.011	-0.0
frame_383	-192.79	-1455.7830000000001	-0.0
frame_384	-192.79	-1455.7830000000001	-0.0
frame_385	-205.1	-1485.8519999999999	-0.0
frame_386	-205.1	-1485.8519999999999	-0.0
frame_387	-217.12	-1516.619	-0.0
frame_388	-217.12	-1516.619	-0.0
frame_389	-229.43	-1546.584	-0.0
frame_390	-229.43	-1546.584	-0.0
frame_391	-229.43	-1546.584	-0.0
frame_392	-241.42	-1577.5410000000002	0.0
frame_393	-241.42	-1577.5410000000002	0.0
frame_394	-253.8	-1607.743	0.0
frame_395	-253.8	-1607.743	0.0
frame_396	-265.88	-1637.8319999999999	0.0
frame_397	-265.88	-1637.8319999999999	0.0
frame_398	-277.92	-1667.794	0.0
frame_399	-277.92	-1667.794	0.0
frame_400	-289.9	-1698.08	0.0
frame_401	-289.9	-1698.08	0.0
frame_402	-302.02000000000004	-1728.765	-0.0
frame_403	-302.02000000000004	-1728.765	-0.0
frame_404	-302.02000000000004	-1728.765	-0.0
frame_405	-314.29	-1758.717	0.0
frame_406	-314.29	-1758.717	0.0
frame_407	-326.27	-1789.153	-0.0
frame_408	-326.27	-1789.153	-0.0
frame_409	-338.45	-1819.991	-0.0
frame_410	-338.45	-1819.991	-0.0
frame_411	-350.78	-1849.619	0.0
frame_412	-350.78	-1849.619	0.0
frame_413	-362.63	-1879.802	0.0
frame_414	-362.63	-1879.802	0.0
frame_415	-374.71	-1910.425	-0.0
frame_416	-374.71	-1910.425	-0.0
frame_417	-386.95	-1940.329	0.0
frame_418	-386.95	-1940.329	0.0
frame_419	-386.95	-1940.329	0.0
frame_420	-398.92	-1970.5539999999999	0.0
frame_421	-398.92	-1970.5539999999999	0.0
frame_422	-411.01	-2001.099	0.0
frame_423	-411.01	-2001.099	0.0
frame_424	-423.21999999999997	-2030.947	-0.0
frame_425	-423.21999999999997	-2030.947	-0.0
frame_426	-435.15999999999997	-2061.659	0.0
frame_427	-435.15999999999997	-2061.659	0.0
frame_428	-447.45	-2091.6730000000002	0.0
frame_429	-447.45	-2091.6730000000002	0.0
frame_430	-447.45	-2091.6730000000002	0.0
frame_431	-459.45000000000005	-2122.258	0.0
frame_432	-459.45000000000005	-2122.258	0.0
frame_433	-471.69	-2152.584	0.0
frame_434	-471.69	-2152.584	0.0
frame_435	-483.82	-2182.772	0.0
frame_436	-483.82	-2182.772	0.0
frame_437	-495.89	-2212.5240000000003	-0.0
frame_438	-495.89	-2212.5240000000003	-0.0
frame_439	-507.78999999999996	-2243.0789999999997	-0.0
frame_440	-507.78999999999996	-2243.0789999999997	-0.0
frame_441	-520.02	-2273.182	0.0
frame_442	-520.02	-2273.182	0.0
frame_443	-532.06	-2304.163	-0.0
frame_444	-532.06	-2304.163	-0.0
frame_445	-544.45	-2334.377	-0.0
frame_446	-544.45	-2334.377	-0.0
frame_447	-544.45	-2334.377	-0.0
frame_448	-556.5400000000001	-2364.2729999999997	0.0
frame_449	-556.5400000000001	-2364.2729999999997	0.0
frame_450	-568.49	-2395.515	0.0
frame_451	-568.49	-2395.515	0.0
frame_452	-580.99	-2425.351	-0.0
frame_453	-580.99	-2425.351	-0.0
frame_454	-592.93	-2455.232	0.0
frame_455	-592.93	-2455.232	0.0
frame_456	-604.88	-2485.355	0.0
frame_457	-604.88	-2485.355	0.0
frame_458	-616.93	-2515.363	0.0
frame_459	-616.93	-2515.363	0.0
frame_460	-628.93	-2545.835	0.0
frame_461	-628.93	-2545.835	0.0
frame_462	-641.12	-2576.084	0.0
frame_463	-641.12	-2576.084	0.0
frame_464	-641.12	-2576.084	0.0
frame_465	-653.22	-2606.545	-0.0
frame_466	-653.22	-2606.545	-0.0
frame_467	-665.4	-2636.8070000000002	0.0
frame_468	-665.4	-2636.8070000000002	0.0
frame_469	-677.51	-2667.2180000000003	-0.0
frame_470	-677.51	-2667.2180000000003	-0.0
frame_471	-689.67	-2697.331	0.0
frame_472	-689.67	-2697.331	0.0
frame_473	-701.72	-2727.935	0.0
frame_474	-701.72	-2727.935	0.0
frame_475	-713.96	-2758.181	0.0
frame_476	-713.96	-2758.181	0.0
frame_477	-713.96	-2758.181	0.0
frame_478	-726.0600000000001	-2788.014	0.0
frame_479	-726.0600000000001	-2788.014	0.0
frame_480	-737.99	-2818.696	0.0
frame_481	-737.99	-2818.696	0.0
frame_482	-750.26	-2849.495	0.0
frame_483	-750.26	-2849.495	0.0
frame_484	-762.58	-2879.259	0.0
frame_485	-762.58	-2879.259	0.0
frame_486	-774.49	-2909.059	0.0
frame_487	-774.49	-2909.059	0.0
frame_488	-786.4100000000001	-2940.334	0.0
frame_489	-786.4100000000001	-2940.334	0.0
frame_490	-798.92	-2969.764	0.0
frame_491	-798.92	-2969.764	0.0
frame_492	-798.92	-2969.764	0.0
frame_493	-810.69	-3000.598	0.0
frame_494	-810.69	-3000.598	0.0
frame_495	-823.02	-3030.718	-0.0
frame_496	-823.02	-3030.718	-0.0
frame_497	-835.0699999999999	-3061.163	0.0
frame_498	-835.0699999999999	-3061.163	0.0
frame_499	-847.25	-3091.3520000000003	0.0
frame_500	-847.25	-3091.3520000000003	0.0
frame_501	-859.33	-3121.749	0.0
frame_502	-859.33	-3121.749	0.0
frame_503	-871.49	-3151.955	0.0
frame_504	-871.49	-3151.955	0.0
frame_505	-883.5699999999999	-3184.115	0.0
frame_506	-883.5699999999999	-3184.115	0.0
frame_507	-896.43	-3212.345	-0.0
frame_508	-896.43	-3212.345	-0.0
frame_509	-896.43	-3212.345	-0.0
frame_510	-907.72	-3242.7039999999997	0.0
frame_511	-907.72	-3242.7039999999997	0.0
frame_512	-919.87	-3273.556	0.0
frame_513	-919.87	-3273.556	0.0
frame_514	-932.21	-3303.2819999999997	-0.0
frame_515	-932.21	-3303.2819999999997	-0.0
frame_516	-944.1	-3333.371	-0.0
frame_517	-944.1	-3333.371	-0.0
frame_518	-956.13	-3363.749	-0.0
frame_519	-956.13	-3363.749	-0.0
frame_520	-968.28	-3394.197	0.0
frame_521	-968.28	-3394.197	0.0
frame_522	-980.46	-3424.523	0.0
frame_523	-980.46	-3424.523	0.0
frame_524	-992.5899999999999	-3454.6	0.0
frame_525	-992.5899999999999	-3454.6	0.0
frame_526	-992.5899999999999	-3454.6	0.0
frame_527	-1004.6299999999999	-3484.9860000000003	-0.0
frame_528	-1004.6299999999999	-3484.9860000000003	-0.0
frame_529	-1016.78	-3515.655	0.0
frame_530	-1016.78	-3515.655	0.0
frame_531	-1029.05	-3546.011	0.0
frame_532	-1029.05	-3546.011	0.0
frame_533	-1041.19	-3575.7889999999998	0.0
frame_534	-1041.19	-3575.7889999999998	0.0
frame_535	-1053.1	-3606.016	0.0
frame_536	-1053.1	-3606.016	0.0
frame_537	-1065.19	-3636.504	-0.0
frame_538	-1065.19	-3636.504	-0.0
frame_539	-1065.19	-3636.504	-0.0
frame_540	-1077.39	-3666.801	0.0
frame_541	-1077.39	-3666.801	0.0
frame_542	-1089.5	-3697.163	0.0
frame_543	-1089.5	-3697.163	0.0
frame_544	-1101.65	-3727.193	0.0
frame_545	-1101.65	-3727.193	0.0
frame_546	-1113.66	-3757.583	0.0
frame_547	-1113.66	-3757.583	0.0
frame_548	-1125.82	-3788.257	0.0
frame_549	-1125.82	-3788.257	0.0
frame_550	-1138.0900000000001	-3818.661	0.0
frame_551	-1138.0900000000001	-3818.661	0.0
frame_552	-1138.0900000000001	-3818.661	0.0
frame_553	-1150.25	-3848.562	0.0
frame_554	-1150.25	-3848.562	0.0
frame_555	-1162.21	-3878.7219999999998	-0.0
frame_556	-1162.21	-3878.7219999999998	-0.0
frame_557	-1174.27	-3908.84	0.0
frame_558	-1174.27	-3908.84	0.0
frame_559	-1186.32	-3939.426	0.0
frame_560	-1186.32	-3939.426	0.0
frame_561	-1198.5600000000002	-3969.58	0.0
frame_562	-1198.5600000000002	-3969.58	0.0
frame_563	-1210.6200000000001	-3999.733	-0.0
frame_564	-1210.6200000000001	-3999.733	-0.0
frame_565	-1210.6200000000001	-3999.733	-0.0
frame_566	-1222.68	-4030.1679999999997	0.0
frame_567	-1222.68	-4030.1679999999997	0.0
frame_568	-1234.85	-4060.665	-0.0
frame_569	-1234.85	-4060.665	-0.0
frame_570	-1247.05	-4091.62	0.0
frame_571	-1247.05	-4091.62	0.0
frame_572	-1259.43	-4121.092	0.0
frame_573	-1259.43	-4121.092	0.0
frame_574	-1271.22	-4151.309	0.0
frame_575	-1271.22	-4151.309	0.0
frame_576	-1283.31	-4181.884	0.0
frame_577	-1283.31	-4181.884	0.0
frame_578	-1295.54	-4212.623	0.0
frame_579	-1295.54	-4212.623	0.0
frame_580	-1295.54	-4212.623	0.0
frame_581	-1307.8300000000002	-4242.014	-0.0
frame_582	-1307.8300000000002	-4242.014	-0.0
frame_583	-1319.5900000000001	-4273.195000000001	0.0
frame_584	-1319.5900000000001	-4273.195000000001	0.0
frame_585	-1332.06	-4303.206999999999	-0.0
frame_586	-1332.06	-4303.206999999999	-0.0
frame_587	-1344.0700000000002	-4333.179999999999	-0.0
frame_588	-1344.0700000000002	-4333.179999999999	-0.0
frame_589	-1356.06	-4363.807000000001	-0.0
frame_590	-1356.06	-4363.807000000001	-0.0
frame_591	-1368.31	-4393.799999999999	-0.0
frame_592	-1368.31	-4393.799999999999	-0.0
frame_593	-1380.31	-4423.816000000001	0.0
frame_594	-1380.31	-4423.816000000001	0.0
frame_595	-1392.31	-4454.521	0.0
frame_596	-1392.31	-4454.521	0.0
frame_597	-1404.59	-4485.334	-0.0
frame_598	-1404.59	-4485.334	-0.0
frame_599	-1404.59	-4485.334	-0.0
frame_600	-1416.9199999999998	-4514.992	0.0
frame_601	-1416.9199999999998	-4514.992	0.0
frame_602	-1428.78	-4545.17	-0.0
frame_603	-1428.78	-4545.17	-0.0
frame_604	-1440.85	-4575.339	-0.0
frame_605	-1440.85	-4575.339	-0.0
frame_606	-1452.92	-4605.638	0.0
frame_607	-1452.92	-4605.638	0.0
frame_608	-1465.04	-4636.777	0.0
frame_609	-1465.04	-4636.777	0.0
frame_610	-1477.5	-4666.728	0.0
frame_611	-1477.5	-4666.728	0.0
frame_612	-1489.48	-4696.898	0.0
frame_613	-1489.48	-4696.898	0.0
frame_614	-1501.5400000000002	-4727.053	0.0
frame_615	-1501.5400000000002	-4727.053	0.0
frame_616	-1501.5400000000002	-4727.053	0.0
frame_617	-1513.61	-4757.234	-0.0
frame_618	-1513.61	-4757.234	-0.0
frame_619	-1525.6799999999998	-4787.264999999999	-0.0
frame_620	-1525.6799999999998	-4787.264999999999	-0.0
frame_621	-1537.69	-4817.715999999999	0.0
frame_622	-1537.69	-4817.715999999999	0.0
frame_623	-1549.8700000000001	-4847.959000000001	-0.0
frame_624	-1549.8700000000001	-4847.959000000001	-0.0
frame_625	-1561.97	-4878.444	0.0
frame_626	-1561.97	-4878.444	0.0
frame_627	-1574.16	-4909.253	0.0
frame_628	-1574.16	-4909.253	0.0
frame_629	-1586.49	-4939.208	0.0
frame_630	-1586.49	-4939.208	0.0
frame_631	-1586.49	-4939.208	0.0
frame_632	-1598.47	-4968.964	-0.0
frame_633	-1598.47	-4968.964	-0.0
frame_634	-1610.3700000000001	-4999.238	0.0
frame_635	-1610.3700000000001	-4999.238	0.0
frame_636	-1622.48	-5030.044	-0.0
frame_637	-1622.48	-5030.044	-0.0
frame_638	-1634.8	-5060.342000000001	-0.0
frame_639	-1634.8	-5060.342000000001	-0.0
frame_640	-1646.9199999999998	-5090.846	0.0
frame_641	-1646.9199999999998	-5090.846	0.0
frame_642	-1659.12	-5120.781	0.0
frame_643	-1659.12	-5120.781	0.0
frame_644	-1671.1000000000001	-5151.111	-0.0
frame_645	-1671.1000000000001	-5151.111	-0.0
frame_646	-1683.23	-5181.712	0.0
frame_647	-1683.23	-5181.712	0.0
frame_648	-1683.23	-5181.712	0.0
frame_649	-1695.47	-5211.702	-0.0
frame_650	-1695.47	-5211.702	-0.0
frame_651	-1707.47	-5241.775	-0.0
frame_652	-1707.47	-5241.775	-0.0
frame_653	-1719.5	-5272.913	0.0
frame_654	-1719.5	-5272.913	0.0
frame_655	-1731.95	-5302.67	0.0
frame_656	-1731.95	-5302.67	0.0
frame_657	-1743.85	-5332.481	0.0
frame_658	-1743.85	-5332.481	0.0
frame_659	-1755.78	-5363.225	-0.0
frame_660	-1755.78	-5363.225	-0.0
frame_661	-1768.0800000000002	-5393.54	0.0
frame_662	-1768.0800000000002	-5393.54	0.0
frame_663	-1768.0800000000002	-5393.54	0.0
frame_664	-1780.2	-5423.651000000001	-0.0
frame_665	-1780.2	-5423.651000000001	-0.0
frame_666	-1792.25	-5453.871	-0.0
frame_667	-1792.25	-5453.871	-0.0
frame_668	-1804.33	-5484.927	-0.0
frame_669	-1804.33	-5484.927	-0.0
frame_670	-1816.76	-5514.461	0.0
frame_671	-1816.76	-5514.461	0.0
frame_672	-1828.57	-5544.71	0.0
frame_673	-1828.57	-5544.71	0.0
frame_674	-1840.67	-5575.247	-0.0
frame_675	-1840.67	-5575.247	-0.0
frame_676	-1852.88	-5604.992	0.0
frame_677	-1852.88	-5604.992	0.0
frame_678	-1864.7800000000002	-5636.129000000001	0.0
frame_679	-1864.7800000000002	-5636.129000000001	0.0
frame_680	-1864.7800000000002	-5636.129000000001	0.0
frame_681	-1877.24	-5665.931	-0.0
frame_682	-1877.24	-5665.931	-0.0
frame_683	-1889.1599999999999	-5696.357	-0.0
frame_684	-1889.1599999999999	-5696.357	-0.0
frame_685	-1901.33	-5726.5779999999995	0.0
frame_686	-1901.33	-5726.5779999999995	0.0
frame_687	-1913.4199999999998	-5756.775000000001	0.0
frame_688	-1913.4199999999998	-5756.775000000001	0.0
frame_689	-1925.49	-5786.965999999999	-0.0
frame_690	-1925.49	-5786.965999999999	-0.0
frame_691	-1937.57	-5817.336	0.0
frame_692	-1937.57	-5817.336	0.0
frame_693	-1937.57	-5817.336	0.0
frame_694	-1949.7199999999998	-5848.035000000001	-0.0
frame_695	-1949.7199999999998	-5848.035000000001	-0.0
frame_696	-1962.0	-5878.346	-0.0
frame_697	-1962.0	-5878.346	-0.0
frame_698	-1974.1200000000001	-5908.019	0.0
frame_699	-1974.1200000000001	-5908.019	0.0
frame_700	-1985.99	-5939.103	0.0
frame_701	-1985.99	-5939.103	0.0
frame_702	-1998.42	-5968.568	-0.0
frame_703	-1998.42	-5968.568	-0.0
frame_704	-1938.1423115577886	-5937.973	0.0
frame_705	-1837.6794974874365	-5937.973	0.0
frame_706	-1737.2166834170841	-5907.897	0.0
frame_707	-1636.7538693467318	-5907.897	0.0
frame_708	-1536.2910552763794	-5877.53	0.0
frame_709	-1435.8282412060273	-5877.53	0.0
frame_710	-1335.365427135675	-5847.272	0.0
frame_711	-1234.9026130653226	-5847.272	0.0
frame_712	-1134.4397989949705	-5847.272	0.0
frame_713	-1033.9769849246181	-5847.272	0.0
frame_714	-933.5141708542662	-5847.272	0.0
frame_715	-833.0513567839145	-5786.798	0.0
frame_716	-732.5885427135628	-5786.798	0.0
frame_717	-632.125728643211	-5756.158	0.0
frame_718	-531.6629145728593	-5756.158	0.0
frame_719	-431.20010050250755	-5756.158	0.0
frame_720	-330.7372864321558	-5756.158	0.0
frame_721	-230.2744723618041	-5695.869	0.0
frame_722	-129.81165829145235	-5695.869	0.0
frame_723	-29.34884422110061	-5665.0380000000005	0.0
frame_724	71.11396984925116	-5665.0380000000005	0.0
frame_725	171.57678391960292	-5665.0380000000005	0.0
frame_726	272.03959798995464	-5665.0380000000005	0.0
frame_727	372.50241206030637	-5665.0380000000005	0.0
frame_728	472.9652261306581	-5605.055	0.0
frame_729	573.4280402010099	-5605.055	0.0
frame_730	673.8908542713616	-5574.1759999999995	0.0
frame_731	774.3536683417134	-5574.1759999999995	0.0
frame_732	874.816482412065	-5543.636	0.0
frame_733	975.2792964824168	-5543.636	0.0
frame_734	1075.742110552769	-5514.027999999999	0.0
frame_735	1176.2049246231213	-5514.027999999999	0.0
frame_736	1276.6677386934734	-5483.014	0.0
frame_737	1377.1305527638258	-5483.014	0.0
frame_738	1477.5933668341781	-5452.882	0.0
frame_739	1578.0561809045303	-5452.882	0.0
frame_740	1678.5189949748826	-5422.582	0.0
frame_741	1778.981809045235	-5422.582	0.0
frame_742	1879.4446231155873	-5422.582	0.0
frame_743	1979.9074371859394	-5422.582	0.0
frame_744	1769.59	-5362.545	0.0
frame_745	1769.59	-5362.545	-0.0
frame_746	1769.59	-5362.545	-0.0
frame_747	1757.59	-5332.737	0.0
frame_748	1757.59	-5332.737	0.0
frame_749	1745.67	-5301.999000000001	0.0
frame_750	1745.67	-5301.999000000001	0.0
frame_751	1745.67	-5301.999000000001	0.0
frame_752	1745.67	-5301.999000000001	0.0
frame_753	1721.11	-5241.3949999999995	0.0
frame_754	1721.11	-5241.3949999999995	0.0
frame_755	1709.13	-5211.185	-0.0
frame_756	1709.13	-5211.185	-0.0
frame_757	1697.05	-5181.0869999999995	0.0
frame_758	1697.05	-5181.0869999999995	0.0
frame_759	1685.01	-5150.402	-0.0
frame_760	1685.01	-5150.402	-0.0
frame_761	1685.01	-5150.402	-0.0
frame_762	1685.01	-5150.402	-0.0
frame_763	1660.51	-5089.909	0.0
frame_764	1660.51	-5089.909	0.0
frame_765	1660.51	-5089.909	0.0
frame_766	1648.54	-5059.772	0.0
frame_767	1648.54	-5059.772	0.0
frame_768	1636.48	-5028.912	0.0
frame_769	1636.48	-5028.912	0.0
frame_770	1636.48	-5028.912	0.0
frame_771	1636.48	-5028.912	0.0
frame_772	1611.71	-4969.061	0.0
frame_773	1611.71	-4969.061	0.0
frame_774	1600.2	-4938.030000000001	0.0
frame_775	1600.2	-4938.030000000001	0.0
frame_776	1600.2	-4938.030000000001	0.0
frame_777	1600.2	-4938.030000000001	0.0
frame_778	1575.49	-4877.955	0.0
frame_779	1575.49	-4877.955	0.0
frame_780	1563.76	-4847.9169999999995	0.0
frame_781	1563.76	-4847.9169999999995	0.0
frame_782	1563.76	-4847.9169999999995	0.0
frame_783	1563.76	-4847.9169999999995	0.0
frame_784	1563.76	-4847.9169999999995	0.0
frame_785	1539.3799999999999	-4787.352	0.0
frame_786	1539.3799999999999	-4787.352	0.0
frame_787	1527.51	-4756.525	0.0
frame_788	1527.51	-4756.525	0.0
frame_789	1527.51	-4756.525	0.0
frame_790	1527.51	-4756.525	0.0
frame_791	1502.6200000000001	-4696.286	0.0
frame_792	1502.6200000000001	-4696.286	0.0
frame_793	1491.09	-4664.286	-0.0
frame_794	1491.09	-4664.286	-0.0
frame_795	1491.09	-4664.286	-0.0
frame_796	1491.09	-4664.286	-0.0
frame_797	1466.52	-4605.348	0.0
frame_798	1466.52	-4605.348	0.0
frame_799	1454.71	-4575.164	0.0
frame_800	1454.71	-4575.164	0.0
frame_801	1454.71	-4575.164	0.0
frame_802	1454.71	-4575.164	0.0
frame_803	1430.1399999999999	-4514.424	0.0
frame_804	1430.1399999999999	-4514.424	0.0
frame_805	1430.1399999999999	-4514.424	0.0
frame_806	1418.34	-4484.138	0.0
frame_807	1418.34	-4484.138	0.0
frame_808	1406.23	-4453.478999999999	0.0
frame_809	1406.23	-4453.478999999999	0.0
frame_810	1393.96	-4423.784000000001	0.0
frame_811	1393.96	-4423.784000000001	0.0
frame_812	1382.0900000000001	-4392.964	0.0
frame_813	1382.0900000000001	-4392.964	0.0
frame_814	1369.76	-4363.135	-0.0
frame_815	1369.76	-4363.135	-0.0
frame_816	1357.8300000000002	-4332.452	0.0
frame_817	1357.8300000000002	-4332.452	0.0
frame_818	1357.8300000000002	-4332.452	0.0
frame_819	1345.55	-4302.231	0.0
frame_820	1345.55	-4302.231	0.0
frame_821	1333.46	-4271.648	0.0
frame_822	1333.46	-4271.648	0.0
frame_823	1321.23	-4241.628000000001	0.0
frame_824	1321.23	-4241.628000000001	0.0
frame_825	1309.22	-4211.123	-0.0
frame_826	1309.22	-4211.123	-0.0
frame_827	1309.22	-4211.123	-0.0
frame_828	1309.22	-4211.123	-0.0
frame_829	1284.73	-4151.062	0.0
frame_830	1284.73	-4151.062	0.0
frame_831	1273.0	-4120.302	0.0
frame_832	1273.0	-4120.302	0.0
frame_833	1273.0	-4120.302	0.0
frame_834	1260.69	-4089.9419999999996	0.0
frame_835	1260.69	-4089.9419999999996	0.0
frame_836	1260.69	-4089.9419999999996	0.0
frame_837	1260.69	-4089.9419999999996	0.0
frame_838	1236.34	-4029.9680000000003	0.0
frame_839	1236.34	-4029.9680000000003	0.0
frame_840	1236.34	-4029.9680000000003	0.0
frame_841	1236.34	-4029.9680000000003	0.0
frame_842	1212.1299999999999	-3969.2419999999997	-0.0
frame_843	1212.1299999999999	-3969.2419999999997	-0.0
frame_844	1200.27	-3938.7400000000002	-0.0
frame_845	1200.27	-3938.7400000000002	-0.0
frame_846	1200.27	-3938.7400000000002	-0.0
frame_847	1200.27	-3938.7400000000002	-0.0
frame_848	1175.5500000000002	-3878.428	0.0
frame_849	1175.5500000000002	-3878.428	0.0
frame_850	1163.94	-3847.502	-0.0
frame_851	1163.94	-3847.502	-0.0
frame_852	1163.94	-3847.502	-0.0
frame_853	1151.57	-3817.703	0.0
frame_854	1151.57	-3817.703	0.0
frame_855	1139.65	-3786.998	0.0
frame_856	1139.65	-3786.998	0.0
frame_857	1127.37	-3756.97	-0.0
frame_858	1127.37	-3756.97	-0.0
frame_859	1115.36	-3726.75	0.0
frame_860	1115.36	-3726.75	0.0
frame_861	1103.27	-3696.478	0.0
frame_862	1103.27	-3696.478	0.0
frame_863	1091.1599999999999	-3666.095	0.0
frame_864	1091.1599999999999	-3666.095	0.0
frame_865	1091.1599999999999	-3666.095	0.0
frame_866	1079.01	-3635.9210000000003	0.0
frame_867	1079.01	-3635.9210000000003	0.0
frame_868	1066.94	-3605.9480000000003	0.0
frame_869	1066.94	-3605.9480000000003	0.0
frame_870	1054.95	-3575.018	-0.0
frame_871	1054.95	-3575.018	-0.0
frame_872	1042.5800000000002	-3544.558	0.0
frame_873	1042.5800000000002	-3544.558	0.0
frame_874	1030.4	-3514.8700000000003	0.0
frame_875	1030.4	-3514.8700000000003	0.0
frame_876	1018.5200000000001	-3484.302	0.0
frame_877	1018.5200000000001	-3484.302	0.0
frame_878	1006.29	-3454.3140000000003	-0.0
frame_879	1006.29	-3454.3140000000003	-0.0
frame_880	994.3	-3424.253	0.0
frame_881	994.3	-3424.253	0.0
frame_882	994.3	-3424.253	0.0
frame_883	982.27	-3393.783	0.0
frame_884	982.27	-3393.783	0.0
frame_885	970.09	-3362.706	0.0
frame_886	970.09	-3362.706	0.0
frame_887	957.66	-3333.4049999999997	0.0
frame_888	957.66	-3333.4049999999997	0.0
frame_889	945.9300000000001	-3302.8469999999998	-0.0
frame_890	945.9300000000001	-3302.8469999999998	-0.0
frame_891	933.71	-3271.9629999999997	0.0
frame_892	933.71	-3271.9629999999997	0.0
frame_893	921.3599999999999	-3241.976	-0.0
frame_894	921.3599999999999	-3241.976	-0.0
frame_895	909.3599999999999	-3212.009	-0.0
frame_896	909.3599999999999	-3212.009	-0.0
frame_897	897.38	-3181.046	-0.0
frame_898	897.38	-3181.046	-0.0
frame_899	897.38	-3181.046	-0.0
frame_900	884.99	-3151.3689999999997	0.0
frame_901	884.99	-3151.3689999999997	0.0
frame_902	873.12	-3120.6459999999997	0.0
frame_903	873.12	-3120.6459999999997	0.0
frame_904	860.8299999999999	-3090.85	-0.0
frame_905	860.8299999999999	-3090.85	-0.0
frame_906	848.9100000000001	-3060.5280000000002	0.0
frame_907	848.9100000000001	-3060.5280000000002	0.0
frame_908	836.78	-3029.6189999999997	0.0
frame_909	836.78	-3029.6189999999997	0.0
frame_910	824.4200000000001	-2999.576	0.0
frame_911	824.4200000000001	-2999.576	0.0
frame_912	824.4200000000001	-2999.576	0.0
frame_913	812.4	-2969.2110000000002	0.0
frame_914	812.4	-2969.2110000000002	0.0
frame_915	812.4	-2969.2110000000002	0.0
frame_916	812.4	-2969.2110000000002	0.0
frame_917	785.99	-2908.886	0.0
frame_918	785.99	-2908.886	0.0
frame_919	776.13	-2878.829	-0.0
frame_920	776.13	-2878.829	-0.0
frame_921	764.1	-2848.219	0.0
frame_922	764.1	-2848.219	0.0
frame_923	751.86	-2818.234	-0.0
frame_924	751.86	-2818.234	-0.0
frame_925	751.86	-2818.234	-0.0
frame_926	739.87	-2788.191	0.0
frame_927	739.87	-2788.191	0.0
frame_928	727.85	-2757.584	0.0
frame_929	727.85	-2757.584	0.0
frame_930	715.61	-2727.381	0.0
frame_931	715.61	-2727.381	0.0
frame_932	703.53	-2696.5910000000003	0.0
frame_933	703.53	-2696.5910000000003	0.0
frame_934	691.21	-2666.718	0.0
frame_935	691.21	-2666.718	0.0
frame_936	679.26	-2636.489	0.0
frame_937	679.26	-2636.489	0.0
frame_938	679.26	-2636.489	0.0
frame_939	667.1700000000001	-2606.045	0.0
frame_940	667.1700000000001	-2606.045	0.0
frame_941	654.99	-2575.6670000000004	0.0
frame_942	654.99	-2575.6670000000004	0.0
frame_943	642.8399999999999	-2545.735	0.0
frame_944	642.8399999999999	-2545.735	0.0
frame_945	630.87	-2515.378	-0.0
frame_946	630.87	-2515.378	-0.0
frame_947	618.72	-2485.397	0.0
frame_948	618.72	-2485.397	0.0
frame_949	606.73	-2455.1090000000004	0.0
frame_950	606.73	-2455.1090000000004	0.0
frame_951	594.62	-2424.195	-0.0
frame_952	594.62	-2424.195	-0.0
frame_953	594.62	-2424.195	-0.0
frame_954	582.25	-2394.237	0.0
frame_955	582.25	-2394.237	0.0
frame_956	570.2700000000001	-2363.968	0.0
frame_957	570.2700000000001	-2363.968	0.0
frame_958	558.16	-2333.813	-0.0
frame_959	558.16	-2333.813	-0.0
frame_960	546.1	-2303.663	0.0
frame_961	546.1	-2303.663	0.0
frame_962	534.04	-2273.3759999999997	-0.0
frame_963	534.04	-2273.3759999999997	-0.0
frame_964	521.9200000000001	-2242.976	0.0
frame_965	521.9200000000001	-2242.976	0.0
frame_966	521.9200000000001	-2242.976	0.0
frame_967	509.76	-2212.592	-0.0
frame_968	509.76	-2212.592	-0.0
frame_969	497.61	-2182.401	-0.0
frame_970	497.61	-2182.401	-0.0
frame_971	485.53000000000003	-2151.527	0.0
frame_972	485.53000000000003	-2151.527	0.0
frame_973	473.18	-2121.89	0.0
frame_974	473.18	-2121.89	0.0
frame_975	461.33000000000004	-2091.494	-0.0
frame_976	461.33000000000004	-2091.494	-0.0
frame_977	449.17	-2061.281	0.0
frame_978	449.17	-2061.281	0.0
frame_979	449.17	-2061.281	0.0
frame_980	437.09	-2030.665	-0.0
frame_981	437.09	-2030.665	-0.0
frame_982	424.84	-2000.5190000000002	0.0
frame_983	424.84	-2000.5190000000002	0.0
frame_984	412.78	-1970.288	0.0
frame_985	412.78	-1970.288	0.0
frame_986	400.69	-1940.132	-0.0
frame_987	400.69	-1940.132	-0.0
frame_988	388.63	-1908.85	0.0
frame_989	388.63	-1908.85	0.0
frame_990	376.11	-1878.585	-0.0
frame_991	376.11	-1878.585	-0.0
frame_992	364.01	-1849.056	0.0
frame_993	364.01	-1849.056	0.0
frame_994	364.01	-1849.056	0.0
frame_995	352.2	-1818.6	0.0
frame_996	352.2	-1818.6	0.0
frame_997	340.01	-1788.486	0.0
frame_998	340.01	-1788.486	0.0
frame_999	327.96999999999997	-1758.0549999999998	0.0
frame_1000	327.96999999999997	-1758.0549999999998	0.0
frame_1001	315.8	-1727.527	0.0
frame_1002	315.8	-1727.527	0.0
frame_1003	303.58000000000004	-1697.639	0.0
frame_1004	303.58000000000004	-1697.639	0.0
frame_1005	291.63	-1667.583	-0.0
frame_1006	291.63	-1667.583	-0.0
frame_1007	291.63	-1667.583	-0.0
frame_1008	279.61	-1636.838	-0.0
frame_1009	279.61	-1636.838	-0.0
frame_1010	279.61	-1636.838	-0.0
frame_1011	279.61	-1636.838	-0.0
frame_1012	254.45000000000002	-1576.451	-0.0
frame_1013	254.45000000000002	-1576.451	-0.0
frame_1014	243.15	-1545.799	0.0
frame_1015	243.15	-1545.799	0.0
frame_1016	230.89000000000001	-1516.087	-0.0
frame_1017	230.89000000000001	-1516.087	-0.0
frame_1018	219.01000000000002	-1485.29	0.0
frame_1019	219.01000000000002	-1485.29	0.0
frame_1020	206.69000000000003	-1455.316	-0.0
frame_1021	206.69000000000003	-1455.316	-0.0
frame_1022	194.70000000000002	-1425.116	0.0
frame_1023	194.70000000000002	-1425.116	0.0
frame_1024	194.70000000000002	-1425.116	0.0
frame_1025	182.62	-1394.531	-0.0
frame_1026	182.62	-1394.531	-0.0
frame_1027	170.39000000000001	-1364.411	0.0
frame_1028	170.39000000000001	-1364.411	0.0
frame_1029	158.34	-1333.623	0.0
frame_1030	158.34	-1333.623	0.0
frame_1031	146.02	-1303.7859999999998	-0.0
frame_1032	146.02	-1303.7859999999998	-0.0
frame_1033	134.08999999999997	-1273.67	0.0
frame_1034	134.08999999999997	-1273.67	0.0
frame_1035	122.03999999999999	-1243.095	-0.0
frame_1036	122.03999999999999	-1243.095	-0.0
frame_1037	109.81	-1212.614	0.0
frame_1038	109.81	-1212.614	0.0
frame_1039	97.62	-1182.683	-0.0
frame_1040	97.62	-1182.683	-0.0
frame_1041	97.62	-1182.683	-0.0
frame_1042	85.65	-1152.511	-0.0
frame_1043	85.65	-1152.511	-0.0
frame_1044	73.58000000000001	-1122.2620000000002	0.0
frame_1045	73.58000000000001	-1122.2620000000002	0.0
frame_1046	61.48	-1091.672	-0.0
frame_1047	61.48	-1091.672	-0.0
frame_1048	49.24	-1061.234	-0.0
frame_1049	49.24	-1061.234	-0.0
frame_1050	37.07	-1030.9660000000001	0.0
frame_1051	37.07	-1030.9660000000001	0.0
frame_1052	24.96	-1000.583	-0.0
frame_1053	24.96	-1000.583	-0.0
frame_1054	24.96	-1000.583	-0.0
frame_1055	12.81	-970.6706	0.0
frame_1056	12.81	-970.6706	0.0
frame_1057	0.8400000000000001	-940.1271	0.0
frame_1058	0.8400000000000001	-940.1271	0.0
frame_1059	-11.379999999999999	-970.2623	-0.0
frame_1060	-11.379999999999999	-970.2623	-0.0
frame_1061	-23.43	-1000.4869999999999	-0.0
frame_1062	-23.43	-1000.4869999999999	-0.0
frame_1063	-35.52	-1030.6789999999999	0.0
frame_1064	-35.52	-1030.6789999999999	0.0
frame_1065	-47.6	-1061.146	0.0
frame_1066	-47.6	-1061.146	0.0
frame_1067	-59.78	-1091.6840000000002	0.0
frame_1068	-59.78	-1091.6840000000002	0.0
frame_1069	-59.78	-1091.6840000000002	0.0
frame_1070	-72.0	-1121.667	0.0
frame_1071	-72.0	-1121.667	0.0
frame_1072	-83.99	-1152.279	0.0
frame_1073	-83.99	-1152.279	0.0
frame_1074	-96.24000000000001	-1182.318	-0.0
frame_1075	-96.24000000000001	-1182.318	-0.0
frame_1076	-108.25	-1212.685	0.0
frame_1077	-108.25	-1212.685	0.0
frame_1078	-120.39999999999999	-1243.239	-0.0
frame_1079	-120.39999999999999	-1243.239	-0.0
frame_1080	-132.61999999999998	-1273.2140000000002	-0.0
frame_1081	-132.61999999999998	-1273.2140000000002	-0.0
frame_1082	-132.61999999999998	-1273.2140000000002	-0.0
frame_1083	-144.60999999999999	-1303.953	0.0
frame_1084	-144.60999999999999	-1303.953	0.0
frame_1085	-156.91	-1333.604	0.0
frame_1086	-156.91	-1333.604	0.0
frame_1087	-168.77	-1364.042	-0.0
frame_1088	-168.77	-1364.042	-0.0
frame_1089	-180.94	-1394.4080000000001	0.0
frame_1090	-180.94	-1394.4080000000001	0.0
frame_1091	-193.09	-1424.779	-0.0
frame_1092	-193.09	-1424.779	-0.0
frame_1093	-205.24	-1455.19	-0.0
frame_1094	-205.24	-1455.19	-0.0
frame_1095	-205.24	-1455.19	-0.0
frame_1096	-217.4	-1485.454	-0.0
frame_1097	-217.4	-1485.454	-0.0
frame_1098	-229.51	-1515.5400000000002	0.0
frame_1099	-229.51	-1515.5400000000002	0.0
frame_1100	-241.54	-1545.52	0.0
frame_1101	-241.54	-1545.52	0.0
frame_1102	-253.52999999999997	-1576.6899999999998	-0.0
frame_1103	-253.52999999999997	-1576.6899999999998	-0.0
frame_1104	-266.0	-1606.7849999999999	0.0
frame_1105	-266.0	-1606.7849999999999	0.0
frame_1106	-278.04	-1636.633	0.0
frame_1107	-278.04	-1636.633	0.0
frame_1108	-289.98	-1666.998	-0.0
frame_1109	-289.98	-1666.998	-0.0
frame_1110	-289.98	-1666.998	-0.0
frame_1111	-302.12	-1697.3780000000002	-0.0
frame_1112	-302.12	-1697.3780000000002	-0.0
frame_1113	-314.28000000000003	-1727.74	0.0
frame_1114	-314.28000000000003	-1727.74	0.0
frame_1115	-326.42	-1758.2530000000002	0.0
frame_1116	-326.42	-1758.2530000000002	0.0
frame_1117	-338.63	-1788.351	-0.0
frame_1118	-338.63	-1788.351	-0.0
frame_1119	-350.66999999999996	-1818.298	0.0
frame_1120	-350.66999999999996	-1818.298	0.0
frame_1121	-362.64000000000004	-1848.6970000000001	0.0
frame_1122	-362.64000000000004	-1848.6970000000001	0.0
frame_1123	-362.64000000000004	-1848.6970000000001	0.0
frame_1124	-374.8	-1879.029	0.0
frame_1125	-374.8	-1879.029	0.0
frame_1126	-386.94	-1909.32	0.0
frame_1127	-386.94	-1909.32	0.0
frame_1128	-399.05	-1939.3419999999999	0.0
frame_1129	-399.05	-1939.3419999999999	0.0
frame_1130	-411.06	-1970.129	-0.0
frame_1131	-411.06	-1970.129	-0.0
frame_1132	-423.38	-1999.8780000000002	0.0
frame_1133	-423.38	-1999.8780000000002	0.0
frame_1134	-435.28	-2030.8139999999999	0.0
frame_1135	-435.28	-2030.8139999999999	0.0
frame_1136	-447.65	-2060.98	-0.0
frame_1137	-447.65	-2060.98	-0.0
frame_1138	-459.72	-2090.654	-0.0
frame_1139	-459.72	-2090.654	-0.0
frame_1140	-459.72	-2090.654	-0.0
frame_1141	-471.59000000000003	-2121.55	-0.0
frame_1142	-471.59000000000003	-2121.55	-0.0
frame_1143	-483.95	-2151.814	-0.0
frame_1144	-483.95	-2151.814	-0.0
frame_1145	-496.05	-2181.864	0.0
frame_1146	-496.05	-2181.864	0.0
frame_1147	-508.07000000000005	-2211.75	0.0
frame_1148	-508.07000000000005	-2211.75	0.0
frame_1149	-520.03	-2242.371	0.0
frame_1150	-520.03	-2242.371	0.0
frame_1151	-532.27	-2272.5339999999997	0.0
frame_1152	-532.27	-2272.5339999999997	0.0
frame_1153	-532.27	-2272.5339999999997	0.0
frame_1154	-544.34	-2303.486	0.0
frame_1155	-544.34	-2303.486	0.0
frame_1156	-556.72	-2333.8610000000003	0.0
frame_1157	-556.72	-2333.8610000000003	0.0
frame_1158	-568.87	-2363.334	0.0
frame_1159	-568.87	-2363.334	0.0
frame_1160	-580.66	-2393.571	-0.0
frame_1161	-580.66	-2393.571	-0.0
frame_1162	-592.75	-2425.2780000000002	0.0
frame_1163	-592.75	-2425.2780000000002	0.0
frame_1164	-605.4399999999999	-2454.2980000000002	-0.0
frame_1165	-605.4399999999999	-2454.2980000000002	-0.0
frame_1166	-605.4399999999999	-2454.2980000000002	-0.0
frame_1167	-617.05	-2484.36	-0.0
frame_1168	-629.07	-2515.172	-0.0
frame_1169	-629.07	-2515.172	-0.0
frame_1170	-629.07	-2515.172	-0.0
frame_1171	-641.4	-2545.487	0.0
frame_1172	-641.4	-2545.487	0.0
frame_1173	-653.52	-2575.953	0.0
frame_1174	-653.52	-2575.953	0.0
frame_1175	-665.71	-2605.949	0.0
frame_1176	-665.71	-2605.949	0.0
frame_1177	-677.71	-2635.867	0.0
frame_1178	-677.71	-2635.867	0.0
frame_1179	-689.67	-2666.281	-0.0
frame_1180	-689.67	-2666.281	-0.0
frame_1181	-701.84	-2697.356	0.0
frame_1182	-701.84	-2697.356	0.0
frame_1183	-714.27	-2726.9100000000003	0.0
frame_1184	-714.27	-2726.9100000000003	0.0
frame_1185	-726.09	-2757.34	0.0
frame_1186	-726.09	-2757.34	0.0
frame_1187	-726.09	-2757.34	0.0
frame_1188	-738.26	-2788.214	-0.0
frame_1189	-738.26	-2788.214	-0.0
frame_1190	-750.61	-2817.9379999999996	-0.0
frame_1191	-750.61	-2817.9379999999996	-0.0
frame_1192	-762.5	-2848.659	0.0
frame_1193	-762.5	-2848.659	0.0
frame_1194	-774.79	-2878.9289999999996	-0.0
frame_1195	-774.79	-2878.9289999999996	-0.0
frame_1196	-786.9000000000001	-2908.47	-0.0
frame_1197	-786.9000000000001	-2908.47	-0.0
frame_1198	-798.71	-2939.159	-0.0
frame_1199	-798.71	-2939.159	-0.0
frame_1200	-798.71	-2939.159	-0.0
frame_1201	-810.99	-2969.491	-0.0
frame_1202	-810.99	-2969.491	-0.0
frame_1203	-823.12	-2999.805	0.0
frame_1204	-823.12	-2999.805	0.0
frame_1205	-835.25	-3029.859	0.0
frame_1206	-835.25	-3029.859	0.0
frame_1207	-847.27	-3060.037	-0.0
frame_1208	-847.27	-3060.037	-0.0
frame_1209	-859.34	-3090.578	-0.0
frame_1210	-859.34	-3090.578	-0.0
frame_1211	-871.56	-3121.4339999999997	0.0
frame_1212	-871.56	-3121.4339999999997	0.0
frame_1213	-883.9	-3151.221	0.0
frame_1214	-883.9	-3151.221	0.0
frame_1215	-895.81	-3181.672	0.0
frame_1216	-895.81	-3181.672	0.0
frame_1217	-895.81	-3181.672	0.0
frame_1218	-908.0	-3211.704	0.0
frame_1219	-908.0	-3211.704	0.0
frame_1220	-920.01	-3242.233	-0.0
frame_1221	-920.01	-3242.233	-0.0
frame_1222	-932.22	-3272.256	0.0
frame_1223	-932.22	-3272.256	0.0
frame_1224	-944.23	-3302.1020000000003	-0.0
frame_1225	-944.23	-3302.1020000000003	-0.0
frame_1226	-956.17	-3333.207	-0.0
frame_1227	-956.17	-3333.207	-0.0
frame_1228	-968.61	-3362.911	-0.0
frame_1229	-968.61	-3362.911	-0.0
frame_1230	-980.49	-3393.998	0.0
frame_1231	-980.49	-3393.998	0.0
frame_1232	-992.93	-3424.021	0.0
frame_1233	-992.93	-3424.021	0.0
frame_1234	-992.93	-3424.021	0.0
frame_1235	-1004.9300000000001	-3453.84	-0.0
frame_1236	-1004.9300000000001	-3453.84	-0.0
frame_1237	-1016.8600000000001	-3484.395	0.0
frame_1238	-1016.8600000000001	-3484.395	0.0
frame_1239	-1029.08	-3514.703	-0.0
frame_1240	-1029.08	-3514.703	-0.0
frame_1241	-1041.21	-3545.0	0.0
frame_1242	-1041.21	-3545.0	0.0
frame_1243	-1053.3300000000002	-3575.078	-0.0
frame_1244	-1053.3300000000002	-3575.078	-0.0
frame_1245	-1065.3600000000001	-3605.118	0.0
frame_1246	-1065.3600000000001	-3605.118	0.0
frame_1247	-1065.3600000000001	-3605.118	0.0
frame_1248	-1077.37	-3635.933	0.0
frame_1249	-1077.37	-3635.933	0.0
frame_1250	-1089.6999999999998	-3666.579	0.0
frame_1251	-1089.6999999999998	-3666.579	0.0
frame_1252	-1101.96	-3697.228	-0.0
frame_1253	-1101.96	-3697.228	-0.0
frame_1254	-1114.22	-3726.609	0.0
frame_1255	-1114.22	-3726.609	0.0
frame_1256	-1125.97	-3757.617	0.0
frame_1257	-1125.97	-3757.617	0.0
frame_1258	-1138.3700000000001	-3787.178	0.0
frame_1259	-1138.3700000000001	-3787.178	0.0
frame_1260	-1150.1999999999998	-3817.364	0.0
frame_1261	-1150.1999999999998	-3817.364	0.0
frame_1262	-1162.27	-3847.596	0.0
frame_1263	-1162.27	-3847.596	0.0
frame_1264	-1162.27	-3847.596	0.0
frame_1265	-1174.3600000000001	-3878.2459999999996	-0.0
frame_1266	-1174.3600000000001	-3878.2459999999996	-0.0
frame_1267	-1186.6200000000001	-3908.428	0.0
frame_1268	-1186.6200000000001	-3908.428	0.0
frame_1269	-1198.7	-3938.935	0.0
frame_1270	-1198.7	-3938.935	0.0
frame_1271	-1210.9	-3968.9869999999996	0.0
frame_1272	-1210.9	-3968.9869999999996	0.0
frame_1273	-1222.92	-3999.029	0.0
frame_1274	-1222.92	-3999.029	0.0
frame_1275	-1234.9399999999998	-4029.482	-0.0
frame_1276	-1234.9399999999998	-4029.482	-0.0
frame_1277	-1234.9399999999998	-4029.482	-0.0
frame_1278	-1247.1200000000001	-4060.205	0.0
frame_1279	-1247.1200000000001	-4060.205	0.0
frame_1280	-1259.4099999999999	-4089.7259999999997	-0.0
frame_1281	-1259.4099999999999	-4089.7259999999997	-0.0
frame_1282	-1271.22	-4120.5109999999995	0.0
frame_1283	-1271.22	-4120.5109999999995	0.0
frame_1284	-1283.53	-4150.406	-0.0
frame_1285	-1283.53	-4150.406	-0.0
frame_1286	-1295.49	-4181.18	0.0
frame_1287	-1295.49	-4181.18	0.0
frame_1288	-1307.8000000000002	-4211.442	-0.0
frame_1289	-1307.8000000000002	-4211.442	-0.0
frame_1290	-1319.9	-4241.8009999999995	-0.0
frame_1291	-1319.9	-4241.8009999999995	-0.0
frame_1292	-1332.05	-4271.906000000001	0.0
frame_1293	-1332.05	-4271.906000000001	0.0
frame_1294	-1332.05	-4271.906000000001	0.0
frame_1295	-1344.09	-4302.072	0.0
frame_1296	-1344.09	-4302.072	0.0
frame_1297	-1356.1499999999999	-4333.03	-0.0
frame_1298	-1356.1499999999999	-4333.03	-0.0
frame_1299	-1368.5400000000002	-4363.623	0.0
frame_1300	-1368.5400000000002	-4363.623	0.0
frame_1301	-1380.78	-4393.267	0.0
frame_1302	-1380.78	-4393.267	0.0
frame_1303	-1392.63	-4423.291	0.0
frame_1304	-1392.63	-4423.291	0.0
frame_1305	-1404.64	-4453.551	-0.0
frame_1306	-1404.64	-4453.551	-0.0
frame_1307	-1416.75	-4483.947999999999	-0.0
frame_1308	-1416.75	-4483.947999999999	-0.0
frame_1309	-1428.9099999999999	-4514.677	0.0
frame_1310	-1428.9099999999999	-4514.677	0.0
frame_1311	-1441.2	-4544.418000000001	0.0
frame_1312	-1441.2	-4544.418000000001	0.0
frame_1313	-1441.2	-4544.418000000001	0.0
frame_1314	-1453.09	-4574.961	0.0
frame_1315	-1453.09	-4574.961	0.0
frame_1316	-1465.31	-4605.76	0.0
frame_1317	-1465.31	-4605.76	0.0
frame_1318	-1477.63	-4635.237	0.0
frame_1319	-1477.63	-4635.237	0.0
frame_1320	-1489.42	-4665.555	0.0
frame_1321	-1489.42	-4665.555	0.0
frame_1322	-1501.55	-4695.931	0.0
frame_1323	-1501.55	-4695.931	0.0
frame_1324	-1513.7	-4726.352999999999	-0.0
frame_1325	-1513.7	-4726.352999999999	-0.0
frame_1326	-1525.8700000000001	-4756.611000000001	0.0
frame_1327	-1525.8700000000001	-4756.611000000001	0.0
frame_1328	-1537.97	-4786.978	0.0
frame_1329	-1537.97	-4786.978	0.0
frame_1330	-1537.97	-4786.978	0.0
frame_1331	-1550.12	-4816.713	0.0
frame_1332	-1550.12	-4816.713	0.0
frame_1333	-1562.01	-4847.402	0.0
frame_1334	-1562.01	-4847.402	0.0
frame_1335	-1574.29	-4877.851	0.0
frame_1336	-1574.29	-4877.851	0.0
frame_1337	-1586.47	-4907.91	-0.0
frame_1338	-1586.47	-4907.91	-0.0
frame_1339	-1598.49	-4938.402	0.0
frame_1340	-1598.49	-4938.402	0.0
frame_1341	-1610.69	-4968.809	0.0
frame_1342	-1610.69	-4968.809	0.0
frame_1343	-1622.85	-4998.822999999999	-0.0
frame_1344	-1622.85	-4998.822999999999	-0.0
frame_1345	-1634.86	-5029.434	0.0
frame_1346	-1634.86	-5029.434	0.0
frame_1347	-1647.1	-5059.072999999999	0.0
frame_1348	-1647.1	-5059.072999999999	0.0
frame_1349	-1647.1	-5059.072999999999	0.0
frame_1350	-1658.96	-5089.5289999999995	0.0
frame_1351	-1658.96	-5089.5289999999995	0.0
frame_1352	-1671.14	-5119.812	-0.0
frame_1353	-1671.14	-5119.812	-0.0
frame_1354	-1683.25	-5150.7	-0.0
frame_1355	-1683.25	-5150.7	-0.0
frame_1356	-1695.6100000000001	-5180.524	0.0
frame_1357	-1695.6100000000001	-5180.524	0.0
frame_1358	-1707.54	-5210.713	0.0
frame_1359	-1707.54	-5210.713	0.0
frame_1360	-1719.6100000000001	-5241.816	-0.0
frame_1361	-1719.6100000000001	-5241.816	-0.0
frame_1362	-1732.0500000000002	-5271.411	0.0
frame_1363	-1732.0500000000002	-5271.411	0.0
frame_1364	-1732.0500000000002	-5271.411	0.0
frame_1365	-1743.8899999999999	-5301.532	0.0
frame_1366	-1743.8899999999999	-5301.532	0.0
frame_1367	-1755.94	-5331.891	0.0
frame_1368	-1755.94	-5331.891	0.0
frame_1369	-1768.0800000000002	-5362.109	-0.0
frame_1370	-1768.0800000000002	-5362.109	-0.0
frame_1371	-1780.17	-5392.4529999999995	0.0
frame_1372	-1780.17	-5392.4529999999995	0.0
frame_1373	-1792.3100000000002	-5422.729	0.0
frame_1374	-1792.3100000000002	-5422.729	0.0
frame_1375	-1792.3100000000002	-5422.729	0.0
frame_1376	-1804.4199999999998	-5453.023	0.0
frame_1377	-1804.4199999999998	-5453.023	0.0
frame_1378	-1816.54	-5483.338	0.0
frame_1379	-1816.54	-5483.338	0.0
frame_1380	-1828.6599999999999	-5513.987	0.0
frame_1381	-1828.6599999999999	-5513.987	0.0
frame_1382	-1840.9199999999998	-5543.911999999999	0.0
frame_1383	-1840.9199999999998	-5543.911999999999	0.0
frame_1384	-1852.8899999999999	-5574.347000000001	-0.0
frame_1385	-1852.8899999999999	-5574.347000000001	-0.0
frame_1386	-1865.06	-5604.5470000000005	-0.0
frame_1387	-1865.06	-5604.5470000000005	-0.0
frame_1388	-1865.06	-5604.5470000000005	-0.0
frame_1389	-1877.15	-5634.844	0.0
frame_1390	-1877.15	-5634.844	0.0
frame_1391	-1889.26	-5665.154	0.0
frame_1392	-1889.26	-5665.154	0.0
frame_1393	-1901.3899999999999	-5695.548	0.0
frame_1394	-1901.3899999999999	-5695.548	0.0
frame_1395	-1913.5500000000002	-5725.964	0.0
frame_1396	-1913.5500000000002	-5725.964	0.0
frame_1397	-1925.71	-5756.044	-0.0
frame_1398	-1925.71	-5756.044	-0.0
frame_1399	-1925.71	-5756.044	-0.0
frame_1400	-1937.74	-5786.72	-0.0
frame_1401	-1937.74	-5786.72	-0.0
frame_1402	-1950.01	-5816.555	-0.0
frame_1403	-1950.01	-5816.555	-0.0
frame_1404	-1961.95	-5846.790999999999	0.0
frame_1405	-1961.95	-5846.790999999999	0.0
frame_1406	-1974.04	-5877.1230000000005	0.0
frame_1407	-1974.04	-5877.1230000000005	0.0
frame_1408	-1986.18	-5907.208	0.0
frame_1409	-1986.18	-5907.208	0.0
frame_1410	-1998.21	-5937.56	0.0
frame_1411	-1998.21	-5937.56	0.0
frame_1412	-1998.21	-5937.56	0.0
frame_1413	-1897.752462311558	-5906.709	0.0
frame_1414	-1797.294924623116	-5906.709	0.0
frame_1415	-1696.837386934674	-5876.85	0.0
frame_1416	-1596.379849246232	-5876.85	0.0
frame_1417	-1495.92231155779	-5846.855	0.0
frame_1418	-1395.464773869348	-5846.855	0.0
frame_1419	-1295.007236180906	-5816.112999999999	0.0
frame_1420	-1194.549698492464	-5816.112999999999	0.0
frame_1421	-1094.092160804022	-5785.735	0.0
frame_1422	-993.63462311558	-5785.735	0.0
frame_1423	-893.177085427138	-5755.813	0.0
frame_1424	-792.719547738696	-5755.813	0.0
frame_1425	-692.2620100502539	-5725.487	0.0
frame_1426	-591.8044723618119	-5725.487	0.0
frame_1427	-491.34693467336984	-5725.487	0.0
frame_1428	-390.88939698492754	-5695.016	0.0
frame_1429	-290.43185929648524	-5695.016	0.0
frame_1430	-189.97432160804294	-5664.866	0.0
frame_1431	-89.51678391960068	-5664.866	0.0
frame_1432	10.94075376884153	-5633.945	0.0
frame_1433	111.39829145728375	-5633.945	0.0
frame_1434	211.85582914572603	-5604.316	0.0
frame_1435	312.31336683416833	-5604.316	0.0
frame_1436	412.77090452261064	-5574.2390000000005	0.0
frame_1437	513.2284422110529	-5574.2390000000005	0.0
frame_1438	613.6859798994949	-5543.221	0.0
frame_1439	714.1435175879369	-5543.221	0.0
frame_1440	814.6010552763789	-5513.282	0.0
frame_1441	915.058592964821	-5513.282	0.0
frame_1442	1015.516130653263	-5483.034	0.0
frame_1443	1115.973668341705	-5483.034	0.0
frame_1444	1216.431206030147	-5483.034	0.0
frame_1445	1316.888743718589	-5452.745	0.0
frame_1446	1417.346281407031	-5452.745	0.0
frame_1447	1517.803819095473	-5422.621	0.0
frame_1448	1618.261356783915	-5422.621	0.0
frame_1449	1718.718894472357	-5392.41	0.0
frame_1450	1819.176432160799	-5392.41	0.0
frame_1451	1919.633969849241	-5361.545999999999	0.0
frame_1452	1781.94	-5361.545999999999	0.0
frame_1453	1769.6000000000001	-5331.45	0.0
frame_1454	1769.6000000000001	-5331.45	0.0
frame_1455	1757.56	-5301.604	0.0
frame_1456	1757.56	-5301.604	0.0
frame_1457	1757.56	-5301.604	0.0
frame_1458	1745.62	-5270.683	0.0
frame_1459	1745.62	-5270.683	0.0
frame_1460	1733.25	-5240.594	0.0
frame_1461	1733.25	-5240.594	0.0
frame_1462	1721.2099999999998	-5210.2339999999995	0.0
frame_1463	1721.2099999999998	-5210.2339999999995	0.0
frame_1464	1709.0700000000002	-5180.249	0.0
frame_1465	1709.0700000000002	-5180.249	0.0
frame_1466	1697.08	-5149.838	0.0
frame_1467	1697.08	-5149.838	0.0
frame_1468	1684.9099999999999	-5119.689	-0.0
frame_1469	1684.9099999999999	-5119.689	-0.0
frame_1470	1684.9099999999999	-5119.689	-0.0
frame_1471	1672.85	-5088.811	0.0
frame_1472	1672.85	-5088.811	0.0
frame_1473	1660.5	-5059.205000000001	0.0
frame_1474	1660.5	-5059.205000000001	0.0
frame_1475	1648.66	-5028.768999999999	0.0
frame_1476	1648.66	-5028.768999999999	0.0
frame_1477	1636.48	-4998.098	-0.0
frame_1478	1636.48	-4998.098	-0.0
frame_1479	1624.22	-4967.741	-0.0
frame_1480	1624.22	-4967.741	-0.0
frame_1481	1612.07	-4937.668000000001	-0.0
frame_1482	1612.07	-4937.668000000001	-0.0
frame_1483	1612.07	-4937.668000000001	-0.0
frame_1484	1600.04	-4907.737	-0.0
frame_1485	1600.04	-4907.737	-0.0
frame_1486	1588.0700000000002	-4877.481000000001	0.0
frame_1487	1588.0700000000002	-4877.481000000001	0.0
frame_1488	1575.97	-4847.048	-0.0
frame_1489	1575.97	-4847.048	-0.0
frame_1490	1563.8000000000002	-4816.469	0.0
frame_1491	1563.8000000000002	-4816.469	0.0
frame_1492	1551.57	-4786.358	0.0
frame_1493	1551.57	-4786.358	0.0
frame_1494	1539.52	-4756.206	-0.0
frame_1495	1539.52	-4756.206	-0.0
frame_1496	1539.52	-4756.206	-0.0
frame_1497	1527.46	-4725.678	-0.0
frame_1498	1527.46	-4725.678	-0.0
frame_1499	1515.25	-4695.223999999999	0.0
frame_1500	1515.25	-4695.223999999999	0.0
frame_1501	1503.07	-4665.026	0.0
frame_1502	1503.07	-4665.026	0.0
frame_1503	1490.99	-4634.905	0.0
frame_1504	1490.99	-4634.905	0.0
frame_1505	1478.9399999999998	-4604.237	-0.0
frame_1506	1478.9399999999998	-4604.237	-0.0
frame_1507	1466.6699999999998	-4574.492	0.0
frame_1508	1466.6699999999998	-4574.492	0.0
frame_1509	1454.77	-4544.097	-0.0
frame_1510	1454.77	-4544.097	-0.0
frame_1511	1442.6200000000001	-4513.841	0.0
frame_1512	1442.6200000000001	-4513.841	0.0
frame_1513	1442.6200000000001	-4513.841	0.0
frame_1514	1430.51	-4483.487	0.0
frame_1515	1430.51	-4483.487	0.0
frame_1516	1418.37	-4451.159	0.0
frame_1517	1418.37	-4451.159	0.0
frame_1518	1405.44	-4423.013	0.0
frame_1519	1405.44	-4423.013	0.0
frame_1520	1394.18	-4392.486	0.0
frame_1521	1394.18	-4392.486	0.0
frame_1522	1381.97	-4361.951	0.0
frame_1523	1381.97	-4361.951	0.0
frame_1524	1369.76	-4332.156	-0.0
frame_1525	1369.76	-4332.156	-0.0
frame_1526	1357.84	-4301.5470000000005	0.0
frame_1527	1357.84	-4301.5470000000005	0.0
frame_1528	1357.84	-4301.5470000000005	0.0
frame_1529	1345.6	-4271.313	0.0
frame_1530	1345.6	-4271.313	0.0
frame_1531	1333.5	-4241.066	0.0
frame_1532	1333.5	-4241.066	0.0
frame_1533	1321.3999999999999	-4211.147000000001	0.0
frame_1534	1321.3999999999999	-4211.147000000001	0.0
frame_1535	1309.43	-4180.848	-0.0
frame_1536	1309.43	-4180.848	-0.0
frame_1537	1297.32	-4150.032999999999	0.0
frame_1538	1297.32	-4150.032999999999	0.0
frame_1539	1284.99	-4119.705	0.0
frame_1540	1284.99	-4119.705	0.0
frame_1541	1272.8600000000001	-4090.034	0.0
frame_1542	1272.8600000000001	-4090.034	0.0
frame_1543	1272.8600000000001	-4090.034	0.0
frame_1544	1260.99	-4059.392	0.0
frame_1545	1260.99	-4059.392	0.0
frame_1546	1248.7299999999998	-4028.8459999999995	-0.0
frame_1547	1248.7299999999998	-4028.8459999999995	-0.0
frame_1548	1236.52	-3998.8199999999997	0.0
frame_1549	1236.52	-3998.8199999999997	0.0
frame_1550	1224.5	-3968.7329999999997	-0.0
frame_1551	1224.5	-3968.7329999999997	-0.0
frame_1552	1212.47	-3938.2929999999997	-0.0
frame_1553	1212.47	-3938.2929999999997	-0.0
frame_1554	1200.2900000000002	-3907.804	-0.0
frame_1555	1200.2900000000002	-3907.804	-0.0
frame_1556	1188.1	-3877.218	0.0
frame_1557	1188.1	-3877.218	0.0
frame_1558	1175.86	-3847.41	-0.0
frame_1559	1175.86	-3847.41	-0.0
frame_1560	1175.86	-3847.41	-0.0
frame_1561	1163.94	-3817.205	0.0
frame_1562	1163.94	-3817.205	0.0
frame_1563	1151.8600000000001	-3786.644	0.0
frame_1564	1151.8600000000001	-3786.644	0.0
frame_1565	1139.6299999999999	-3755.772	0.0
frame_1566	1139.6299999999999	-3755.772	0.0
frame_1567	1127.29	-3725.867	0.0
frame_1568	1127.29	-3725.867	0.0
frame_1569	1115.3200000000002	-3695.949	0.0
frame_1570	1115.3200000000002	-3695.949	0.0
frame_1571	1103.36	-3665.694	0.0
frame_1572	1103.36	-3665.694	0.0
frame_1573	1091.25	-3634.983	0.0
frame_1574	1091.25	-3634.983	0.0
frame_1575	1091.25	-3634.983	0.0
frame_1576	1078.97	-3604.402	0.0
frame_1577	1078.97	-3604.402	0.0
frame_1578	1066.74	-3574.469	0.0
frame_1579	1066.74	-3574.469	0.0
frame_1580	1054.76	-3544.593	-0.0
frame_1581	1054.76	-3544.593	-0.0
frame_1582	1042.81	-3513.721	0.0
frame_1583	1042.81	-3513.721	0.0
frame_1584	1030.46	-3483.6749999999997	0.0
frame_1585	1030.46	-3483.6749999999997	0.0
frame_1586	1018.45	-3453.4829999999997	0.0
frame_1587	1018.45	-3453.4829999999997	0.0
frame_1588	1006.37	-3423.4900000000002	-0.0
frame_1589	1006.37	-3423.4900000000002	-0.0
frame_1590	1006.37	-3423.4900000000002	-0.0
frame_1591	994.37	-3393.268	-0.0
frame_1592	994.37	-3393.268	-0.0
frame_1593	982.2800000000001	-3362.431	-0.0
frame_1594	982.2800000000001	-3362.431	-0.0
frame_1595	969.9499999999999	-3331.99	0.0
frame_1596	969.9499999999999	-3331.99	0.0
frame_1597	957.77	-3302.0710000000004	0.0
frame_1598	957.77	-3302.0710000000004	0.0
frame_1599	945.8	-3272.078	-0.0
frame_1600	945.8	-3272.078	-0.0
frame_1601	933.8100000000001	-3241.547	0.0
frame_1602	933.8100000000001	-3241.547	0.0
frame_1603	921.6	-3210.969	0.0
frame_1604	921.6	-3210.969	0.0
frame_1605	909.3599999999999	-3181.056	0.0
frame_1606	909.3599999999999	-3181.056	0.0
frame_1607	909.3599999999999	-3181.056	0.0
frame_1608	897.4	-3150.946	0.0
frame_1609	897.4	-3150.946	0.0
frame_1610	885.36	-3120.7639999999997	0.0
frame_1611	885.36	-3120.7639999999997	0.0
frame_1612	873.28	-3089.892	0.0
frame_1613	873.28	-3089.892	0.0
frame_1614	860.93	-3059.273	0.0
frame_1615	860.93	-3059.273	0.0
frame_1616	848.69	-3029.495	0.0
frame_1617	848.69	-3029.495	0.0
frame_1618	836.77	-2999.143	-0.0
frame_1619	836.77	-2999.143	-0.0
frame_1620	836.77	-2999.143	-0.0
frame_1621	824.63	-2968.9390000000003	0.0
frame_1622	824.63	-2968.9390000000003	0.0
frame_1623	812.55	-2938.5370000000003	-0.0
frame_1624	812.55	-2938.5370000000003	-0.0
frame_1625	800.3900000000001	-2908.263	0.0
frame_1626	800.3900000000001	-2908.263	0.0
frame_1627	788.28	-2878.2980000000002	0.0
frame_1628	788.28	-2878.2980000000002	0.0
frame_1629	776.3	-2847.8219999999997	0.0
frame_1630	776.3	-2847.8219999999997	0.0
frame_1631	764.1099999999999	-2817.2450000000003	0.0
frame_1632	764.1099999999999	-2817.2450000000003	0.0
frame_1633	751.87	-2786.518	-0.0
frame_1634	751.87	-2786.518	-0.0
frame_1635	751.87	-2786.518	-0.0
frame_1636	739.58	-2756.807	-0.0
frame_1637	739.58	-2756.807	-0.0
frame_1638	727.7	-2726.684	0.0
frame_1639	727.7	-2726.684	0.0
frame_1640	715.65	-2696.263	-0.0
frame_1641	715.65	-2696.263	-0.0
frame_1642	703.48	-2665.79	0.0
frame_1643	703.48	-2665.79	0.0
frame_1644	691.29	-2635.907	0.0
frame_1645	691.29	-2635.907	0.0
frame_1646	679.34	-2605.462	0.0
frame_1647	679.34	-2605.462	0.0
frame_1648	667.16	-2575.25	0.0
frame_1649	667.16	-2575.25	0.0
frame_1650	667.16	-2575.25	0.0
frame_1651	655.08	-2544.565	0.0
frame_1652	655.08	-2544.565	0.0
frame_1653	642.8000000000001	-2514.27	0.0
frame_1654	642.8000000000001	-2514.27	0.0
frame_1655	630.6800000000001	-2484.555	0.0
frame_1656	630.6800000000001	-2484.555	0.0
frame_1657	618.8000000000001	-2454.364	0.0
frame_1658	618.8000000000001	-2454.364	0.0
frame_1659	606.72	-2423.5660000000003	-0.0
frame_1660	606.72	-2423.5660000000003	-0.0
frame_1661	594.4000000000001	-2392.875	-0.0
frame_1662	594.4000000000001	-2392.875	-0.0
frame_1663	582.13	-2363.077	0.0
frame_1664	582.13	-2363.077	0.0
frame_1665	582.13	-2363.077	0.0
frame_1666	570.21	-2333.06	0.0
frame_1667	570.21	-2333.06	0.0
frame_1668	558.2	-2302.735	0.0
frame_1669	558.2	-2302.735	0.0
frame_1670	546.07	-2272.4730000000004	-0.0
frame_1671	546.07	-2272.4730000000004	-0.0
frame_1672	533.9699999999999	-2241.8740000000003	0.0
frame_1673	533.9699999999999	-2241.8740000000003	0.0
frame_1674	521.73	-2211.672	0.0
frame_1675	521.73	-2211.672	0.0
frame_1676	509.64	-2181.689	0.0
frame_1677	509.64	-2181.689	0.0
frame_1678	497.65	-2151.186	0.0
frame_1679	497.65	-2151.186	0.0
frame_1680	497.65	-2151.186	0.0
frame_1681	485.45	-2120.7639999999997	0.0
frame_1682	485.45	-2120.7639999999997	0.0
frame_1683	473.28	-2090.183	-0.0
frame_1684	473.28	-2090.183	-0.0
frame_1685	461.05	-2059.828	0.0
frame_1686	461.05	-2059.828	0.0
frame_1687	448.90999999999997	-2029.8189999999997	0.0
frame_1688	448.90999999999997	-2029.8189999999997	0.0
frame_1689	436.90000000000003	-1999.5210000000002	0.0
frame_1690	436.90000000000003	-1999.5210000000002	0.0
frame_1691	424.79	-1969.268	0.0
frame_1692	424.79	-1969.268	0.0
frame_1693	412.68	-1938.622	-0.0
frame_1694	412.68	-1938.622	-0.0
frame_1695	400.43	-1908.376	0.0
frame_1696	400.43	-1908.376	0.0
frame_1697	400.43	-1908.376	0.0
frame_1698	388.33	-1878.1870000000001	-0.0
frame_1699	388.33	-1878.1870000000001	-0.0
frame_1700	376.25	-1847.617	0.0
frame_1701	376.25	-1847.617	0.0
frame_1702	364.02	-1817.8829999999998	0.0
frame_1703	364.02	-1817.8829999999998	0.0
frame_1704	352.13	-1787.634	0.0
frame_1705	352.13	-1787.634	0.0
frame_1706	340.03	-1757.325	0.0
frame_1707	340.03	-1757.325	0.0
frame_1708	327.90999999999997	-1726.3619999999999	-0.0
frame_1709	327.90999999999997	-1726.3619999999999	-0.0
frame_1710	315.52000000000004	-1696.476	-0.0
frame_1711	315.52000000000004	-1696.476	-0.0
frame_1712	303.57	-1666.603	-0.0
frame_1713	303.57	-1666.603	-0.0
frame_1714	303.57	-1666.603	-0.0
frame_1715	291.62	-1636.1699999999998	0.0
frame_1716	291.62	-1636.1699999999998	0.0
frame_1717	279.44	-1605.4550000000002	0.0
frame_1718	279.44	-1605.4550000000002	0.0
frame_1719	267.16	-1575.4060000000002	0.0
frame_1720	267.16	-1575.4060000000002	0.0
frame_1721	255.14	-1545.186	0.0
frame_1722	255.14	-1545.186	0.0
frame_1723	243.04999999999998	-1514.95	-0.0
frame_1724	243.04999999999998	-1514.95	-0.0
frame_1725	230.96	-1484.795	-0.0
frame_1726	230.96	-1484.795	-0.0
frame_1727	230.96	-1484.795	-0.0
frame_1728	218.89000000000001	-1454.193	0.0
frame_1729	218.89000000000001	-1454.193	0.0
frame_1730	206.65	-1423.849	-0.0
frame_1731	206.65	-1423.849	-0.0
frame_1732	194.52	-1391.315	0.0
frame_1733	194.52	-1391.315	0.0
frame_1734	181.5	-1363.66	-0.0
frame_1735	181.5	-1363.66	-0.0
frame_1736	170.44	-1333.3950000000002	0.0
frame_1737	170.44	-1333.3950000000002	0.0
frame_1738	158.33	-1302.754	0.0
frame_1739	158.33	-1302.754	0.0
frame_1740	146.07999999999998	-1272.071	0.0
frame_1741	146.07999999999998	-1272.071	0.0
frame_1742	146.07999999999998	-1272.071	0.0
frame_1743	133.8	-1242.356	0.0
frame_1744	133.8	-1242.356	0.0
frame_1745	121.92	-1212.1850000000002	-0.0
frame_1746	121.92	-1212.1850000000002	-0.0
frame_1747	109.85000000000001	-1181.32	0.0
frame_1748	109.85000000000001	-1181.32	0.0
frame_1749	97.5	-1151.6439999999998	-0.0
frame_1750	97.5	-1151.6439999999998	-0.0
frame_1751	85.63	-1121.368	0.0
frame_1752	85.63	-1121.368	0.0
frame_1753	73.52	-1090.9660000000001	-0.0
frame_1754	73.52	-1090.9660000000001	-0.0
frame_1755	73.52	-1090.9660000000001	-0.0
frame_1756	61.36	-1060.688	-0.0
frame_1757	61.36	-1060.688	-0.0
frame_1758	49.25	-1030.192	0.0
frame_1759	49.25	-1030.192	0.0
frame_1760	37.05	-1000.165	0.0
frame_1761	37.05	-1000.165	0.0
frame_1762	25.04	-970.0014	-0.0
frame_1763	25.04	-970.0014	-0.0
frame_1764	12.98	-939.5736	-0.0
frame_1765	12.98	-939.5736	-0.0
frame_1766	0.8099999999999999	-909.2032	-0.0
frame_1767	0.8099999999999999	-909.2032	-0.0
frame_1768	0.8099999999999999	-909.2032	-0.0
frame_1769	-11.34	-939.3091999999999	0.0
frame_1770	-11.34	-939.3091999999999	0.0
frame_1771	-23.380000000000003	-969.6537	0.0
frame_1772	-23.380000000000003	-969.6537	0.0
frame_1773	-35.52	-999.9024	-0.0
frame_1774	-35.52	-999.9024	-0.0
frame_1775	-47.620000000000005	-1030.6850000000002	-0.0
frame_1776	-47.620000000000005	-1030.6850000000002	-0.0
frame_1777	-59.94	-1061.3799999999999	-0.0
frame_1778	-59.94	-1061.3799999999999	-0.0
frame_1779	-72.21	-1091.337	0.0
frame_1780	-72.21	-1091.337	0.0
frame_1781	-84.2	-1120.873	0.0
frame_1782	-84.2	-1120.873	0.0
frame_1783	-84.2	-1120.873	0.0
frame_1784	-96.01	-1151.3210000000001	0.0
frame_1785	-96.01	-1151.3210000000001	0.0
frame_1786	-108.19	-1181.886	-0.0
frame_1787	-108.19	-1181.886	-0.0
frame_1788	-120.42	-1211.843	0.0
frame_1789	-120.42	-1211.843	0.0
frame_1790	-132.39999999999998	-1242.233	-0.0
frame_1791	-132.39999999999998	-1242.233	-0.0
frame_1792	-144.55	-1272.417	0.0
frame_1793	-144.55	-1272.417	0.0
frame_1794	-156.63	-1302.71	-0.0
frame_1795	-156.63	-1302.71	-0.0
frame_1796	-168.75	-1333.606	0.0
frame_1797	-168.75	-1333.606	0.0
frame_1798	-181.10000000000002	-1364.1689999999999	0.0
frame_1799	-181.10000000000002	-1364.1689999999999	0.0
frame_1800	-181.10000000000002	-1364.1689999999999	0.0
frame_1801	-193.33	-1393.545	-0.0
frame_1802	-193.33	-1393.545	-0.0
frame_1803	-205.08	-1424.4779999999998	-0.0
frame_1804	-205.08	-1424.4779999999998	-0.0
frame_1805	-217.45000000000002	-1454.347	-0.0
frame_1806	-217.45000000000002	-1454.347	-0.0
frame_1807	-229.4	-1484.378	-0.0
frame_1808	-229.4	-1484.378	-0.0
frame_1809	-241.41000000000003	-1515.058	0.0
frame_1810	-241.41000000000003	-1515.058	0.0
frame_1811	-253.68	-1545.6319999999998	-0.0
frame_1812	-253.68	-1545.6319999999998	-0.0
frame_1813	-265.90999999999997	-1575.204	0.0
frame_1814	-265.90999999999997	-1575.204	0.0
frame_1815	-277.74	-1606.153	0.0
frame_1816	-277.74	-1606.153	0.0
frame_1817	-277.74	-1606.153	0.0
frame_1818	-290.12	-1635.914	0.0
frame_1819	-290.12	-1635.914	0.0
frame_1820	-302.03000000000003	-1666.582	0.0
frame_1821	-302.03000000000003	-1666.582	0.0
frame_1822	-314.29	-1696.719	0.0
frame_1823	-314.29	-1696.719	0.0
frame_1824	-326.34999999999997	-1727.4160000000002	-0.0
frame_1825	-326.34999999999997	-1727.4160000000002	-0.0
frame_1826	-338.63	-1756.9920000000002	0.0
frame_1827	-338.63	-1756.9920000000002	0.0
frame_1828	-350.46	-1787.504	-0.0
frame_1829	-350.46	-1787.504	-0.0
frame_1830	-350.46	-1787.504	-0.0
frame_1831	-362.65999999999997	-1817.713	-0.0
frame_1832	-362.65999999999997	-1817.713	-0.0
frame_1833	-374.75	-1848.5	-0.0
frame_1834	-374.75	-1848.5	-0.0
frame_1835	-387.06	-1878.8339999999998	-0.0
frame_1836	-387.06	-1878.8339999999998	-0.0
frame_1837	-399.19	-1909.366	0.0
frame_1838	-399.19	-1909.366	0.0
frame_1839	-411.41	-1939.6789999999999	-0.0
frame_1840	-411.41	-1939.6789999999999	-0.0
frame_1841	-423.53000000000003	-1969.36	0.0
frame_1842	-423.53000000000003	-1969.36	0.0
frame_1843	-435.40000000000003	-2000.1660000000002	0.0
frame_1844	-435.40000000000003	-2000.1660000000002	0.0
frame_1845	-447.73	-2030.032	0.0
frame_1846	-447.73	-2030.032	0.0
frame_1847	-447.73	-2030.032	0.0
frame_1848	-459.67	-2060.347	-0.0
frame_1849	-459.67	-2060.347	-0.0
frame_1850	-471.8	-2091.1279999999997	0.0
frame_1851	-471.8	-2091.1279999999997	0.0
frame_1852	-484.10999999999996	-2120.548	-0.0
frame_1853	-484.10999999999996	-2120.548	-0.0
frame_1854	-495.88	-2151.124	-0.0
frame_1855	-495.88	-2151.124	-0.0
frame_1856	-508.10999999999996	-2181.601	0.0
frame_1857	-508.10999999999996	-2181.601	0.0
frame_1858	-520.3	-2211.507	0.0
frame_1859	-520.3	-2211.507	0.0
frame_1860	-532.26	-2242.462	-0.0
frame_1861	-532.26	-2242.462	-0.0
frame_1862	-532.26	-2242.462	-0.0
frame_1863	-544.65	-2272.32	-0.0
frame_1864	-544.65	-2272.32	-0.0
frame_1865	-556.59	-2302.607	-0.0
frame_1866	-556.59	-2302.607	-0.0
frame_1867	-568.6999999999999	-2333.665	-0.0
frame_1868	-568.6999999999999	-2333.665	-0.0
frame_1869	-581.13	-2363.388	-0.0
frame_1870	-581.13	-2363.388	-0.0
frame_1871	-593.02	-2393.712	0.0
frame_1872	-593.02	-2393.712	0.0
frame_1873	-605.15	-2423.694	0.0
frame_1874	-605.15	-2423.694	0.0
frame_1875	-617.14	-2454.0510000000004	0.0
frame_1876	-617.14	-2454.0510000000004	0.0
frame_1877	-617.14	-2454.0510000000004	0.0
frame_1878	-629.28	-2484.207	0.0
frame_1879	-629.28	-2484.207	0.0
frame_1880	-641.34	-2515.4939999999997	-0.0
frame_1881	-641.34	-2515.4939999999997	-0.0
frame_1882	-653.86	-2545.592	0.0
frame_1883	-653.86	-2545.592	0.0
frame_1884	-665.9000000000001	-2575.219	0.0
frame_1885	-665.9000000000001	-2575.219	0.0
frame_1886	-677.75	-2605.6620000000003	-0.0
frame_1887	-677.75	-2605.6620000000003	-0.0
frame_1888	-689.9300000000001	-2635.837	0.0
frame_1889	-689.9300000000001	-2635.837	0.0
frame_1890	-689.9300000000001	-2635.837	0.0
frame_1891	-702.0	-2666.083	-0.0
frame_1892	-702.0	-2666.083	-0.0
frame_1893	-714.09	-2697.159	0.0
frame_1894	-714.09	-2697.159	0.0
frame_1895	-726.5200000000001	-2726.938	0.0
frame_1896	-726.5200000000001	-2726.938	0.0
frame_1897	-738.4399999999999	-2757.194	0.0
frame_1898	-738.4399999999999	-2757.194	0.0
frame_1899	-750.54	-2787.973	0.0
frame_1900	-750.54	-2787.973	0.0
frame_1901	-762.85	-2817.37	0.0
frame_1902	-762.85	-2817.37	0.0
frame_1903	-774.61	-2847.723	0.0
frame_1904	-774.61	-2847.723	0.0
frame_1905	-786.75	-2878.002	-0.0
frame_1906	-786.75	-2878.002	-0.0
frame_1907	-798.86	-2908.709	0.0
frame_1908	-798.86	-2908.709	0.0
frame_1909	-798.86	-2908.709	0.0
frame_1910	-811.1500000000001	-2938.589	0.0
frame_1911	-811.1500000000001	-2938.589	0.0
frame_1912	-823.1	-2969.056	-0.0
frame_1913	-823.1	-2969.056	-0.0
frame_1914	-835.28	-2998.943	0.0
frame_1915	-835.28	-2998.943	0.0
frame_1916	-847.24	-3030.2419999999997	-0.0
frame_1917	-847.24	-3030.2419999999997	-0.0
frame_1918	-859.76	-3059.731	0.0
frame_1919	-859.76	-3059.731	0.0
frame_1920	-871.5500000000001	-3090.8940000000002	0.0
frame_1921	-871.5500000000001	-3090.8940000000002	0.0
frame_1922	-884.02	-3120.442	0.0
frame_1923	-884.02	-3120.442	0.0
frame_1924	-895.8399999999999	-3150.921	0.0
frame_1925	-895.8399999999999	-3150.921	0.0
frame_1926	-895.8399999999999	-3150.921	0.0
frame_1927	-908.03	-3181.209	0.0
frame_1928	-908.03	-3181.209	0.0
frame_1929	-920.15	-3211.0989999999997	0.0
frame_1930	-920.15	-3211.0989999999997	0.0
frame_1931	-932.1	-3241.6299999999997	-0.0
frame_1932	-932.1	-3241.6299999999997	-0.0
frame_1933	-944.31	-3271.912	0.0
frame_1934	-944.31	-3271.912	0.0
frame_1935	-956.43	-3302.302	0.0
frame_1936	-956.43	-3302.302	0.0
frame_1937	-968.58	-3332.613	0.0
frame_1938	-968.58	-3332.613	0.0
frame_1939	-980.7099999999999	-3363.133	-0.0
frame_1940	-980.7099999999999	-3363.133	-0.0
frame_1941	-980.7099999999999	-3363.133	-0.0
frame_1942	-992.9200000000001	-3392.9320000000002	0.0
frame_1943	-992.9200000000001	-3392.9320000000002	0.0
frame_1944	-1004.8299999999999	-3423.877	-0.0
frame_1945	-1004.8299999999999	-3423.877	-0.0
frame_1946	-1017.2099999999999	-3454.067	0.0
frame_1947	-1017.2099999999999	-3454.067	0.0
frame_1948	-1029.29	-3484.035	-0.0
frame_1949	-1029.29	-3484.035	-0.0
frame_1950	-1041.27	-3514.029	-0.0
frame_1951	-1041.27	-3514.029	-0.0
frame_1952	-1053.27	-3544.644	0.0
frame_1953	-1053.27	-3544.644	0.0
frame_1954	-1065.52	-3574.56	0.0
frame_1955	-1065.52	-3574.56	0.0
frame_1956	-1077.49	-3605.712	0.0
frame_1957	-1077.49	-3605.712	0.0
frame_1958	-1077.49	-3605.712	0.0
frame_1959	-1089.95	-3635.3520000000003	0.0
frame_1960	-1089.95	-3635.3520000000003	0.0
frame_1961	-1101.8	-3665.524	0.0
frame_1962	-1101.8	-3665.524	0.0
frame_1963	-1113.87	-3695.8940000000002	0.0
frame_1964	-1113.87	-3695.8940000000002	0.0
frame_1965	-1126.02	-3726.124	0.0
frame_1966	-1126.02	-3726.124	0.0
frame_1967	-1138.11	-3756.723	-0.0
frame_1968	-1138.11	-3756.723	-0.0
frame_1969	-1150.35	-3787.259	0.0
frame_1970	-1150.35	-3787.259	0.0
frame_1971	-1162.5700000000002	-3816.893	0.0
frame_1972	-1162.5700000000002	-3816.893	0.0
frame_1973	-1174.42	-3847.047	0.0
frame_1974	-1174.42	-3847.047	0.0
frame_1975	-1186.48	-3877.536	0.0
frame_1976	-1186.48	-3877.536	0.0
frame_1977	-1186.48	-3877.536	0.0
frame_1978	-1198.68	-3907.9739999999997	0.0
frame_1979	-1198.68	-3907.9739999999997	0.0
frame_1980	-1210.85	-3938.265	0.0
frame_1981	-1210.85	-3938.265	0.0
frame_1982	-1222.9699999999998	-3969.255	0.0
frame_1983	-1222.9699999999998	-3969.255	0.0
frame_1984	-1235.3600000000001	-3999.288	0.0
frame_1985	-1235.3600000000001	-3999.288	0.0
frame_1986	-1247.3799999999999	-4029.166	-0.0
frame_1987	-1247.3799999999999	-4029.166	-0.0
frame_1988	-1259.3300000000002	-4059.854	0.0
frame_1989	-1259.3300000000002	-4059.854	0.0
frame_1990	-1271.6000000000001	-4090.274	0.0
frame_1991	-1271.6000000000001	-4090.274	0.0
frame_1992	-1283.77	-4120.267	0.0
frame_1993	-1283.77	-4120.267	0.0
frame_1994	-1295.77	-4151.108	-0.0
frame_1995	-1295.77	-4151.108	-0.0
frame_1996	-1308.1000000000001	-4180.793000000001	0.0
frame_1997	-1308.1000000000001	-4180.793000000001	0.0
frame_1998	-1308.1000000000001	-4180.793000000001	0.0
frame_1999	-1319.98	-4210.612	-0.0
frame_2000	-1319.98	-4210.612	-0.0
frame_2001	-1331.9099999999999	-4241.5	0.0
frame_2002	-1331.9099999999999	-4241.5	0.0
frame_2003	-1344.26	-4271.54	-0.0
frame_2004	-1344.26	-4271.54	-0.0
frame_2005	-1356.28	-4301.812	0.0
frame_2006	-1356.28	-4301.812	0.0
frame_2007	-1368.39	-4332.320000000001	0.0
frame_2008	-1368.39	-4332.320000000001	0.0
frame_2009	-1380.59	-4362.049	0.0
frame_2010	-1380.59	-4362.049	0.0
frame_2011	-1380.59	-4362.049	0.0
frame_2012	-1392.48	-4392.492	0.0
frame_2013	-1392.48	-4392.492	0.0
frame_2014	-1404.66	-4423.122	0.0
frame_2015	-1404.66	-4423.122	0.0
frame_2016	-1416.9099999999999	-4453.449	-0.0
frame_2017	-1416.9099999999999	-4453.449	-0.0
frame_2018	-1429.0400000000002	-4483.7699999999995	0.0
frame_2019	-1429.0400000000002	-4483.7699999999995	0.0
frame_2020	-1441.17	-4513.768	0.0
frame_2021	-1441.17	-4513.768	0.0
frame_2022	-1441.17	-4513.768	0.0
frame_2023	-1453.17	-4543.794	-0.0
frame_2024	-1453.17	-4543.794	-0.0
frame_2025	-1465.1799999999998	-4574.592	0.0
frame_2026	-1465.1799999999998	-4574.592	0.0
frame_2027	-1477.5	-4604.996	-0.0
frame_2028	-1477.5	-4604.996	-0.0
frame_2029	-1489.66	-4634.733	0.0
frame_2030	-1489.66	-4634.733	0.0
frame_2031	-1501.55	-4665.203	0.0
frame_2032	-1501.55	-4665.203	0.0
frame_2033	-1513.74	-4695.834	-0.0
frame_2034	-1513.74	-4695.834	-0.0
frame_2035	-1525.99	-4726.056	0.0
frame_2036	-1525.99	-4726.056	0.0
frame_2037	-1525.99	-4726.056	0.0
frame_2038	-1538.08	-4756.049	-0.0
frame_2039	-1538.08	-4756.049	-0.0
frame_2040	-1550.08	-4786.797	-0.0
frame_2041	-1550.08	-4786.797	-0.0
frame_2042	-1562.38	-4816.6849999999995	0.0
frame_2043	-1562.38	-4816.6849999999995	0.0
frame_2044	-1574.3400000000001	-4847.08	0.0
frame_2045	-1574.3400000000001	-4847.08	0.0
frame_2046	-1586.49	-4877.0740000000005	0.0
frame_2047	-1586.49	-4877.0740000000005	0.0
frame_2048	-1598.49	-4907.665	0.0
frame_2049	-1598.49	-4907.665	0.0
frame_2050	-1610.73	-4937.808999999999	-0.0
frame_2051	-1610.73	-4937.808999999999	-0.0
frame_2052	-1610.73	-4937.808999999999	-0.0
frame_2053	-1622.78	-4967.969	0.0
frame_2054	-1622.78	-4967.969	0.0
frame_2055	-1634.85	-4998.621	0.0
frame_2056	-1634.85	-4998.621	0.0
frame_2057	-1647.1100000000001	-5029.165	0.0
frame_2058	-1647.1100000000001	-5029.165	0.0
frame_2059	-1659.33	-5058.849	0.0
frame_2060	-1659.33	-5058.849	0.0
frame_2061	-1671.2	-5089.509	0.0
frame_2062	-1671.2	-5089.509	0.0
frame_2063	-1683.46	-5119.535	0.0
frame_2064	-1683.46	-5119.535	0.0
frame_2065	-1695.48	-5149.378	-0.0
frame_2066	-1695.48	-5149.378	-0.0
frame_2067	-1707.41	-5180.456	-0.0
frame_2068	-1707.41	-5180.456	-0.0
frame_2069	-1707.41	-5180.456	-0.0
frame_2070	-1719.8400000000001	-5210.377	-0.0
frame_2071	-1719.8400000000001	-5210.377	-0.0
frame_2072	-1731.8100000000002	-5240.607	-0.0
frame_2073	-1731.8100000000002	-5240.607	-0.0
frame_2074	-1743.9	-5270.884	-0.0
frame_2075	-1743.9	-5270.884	-0.0
frame_2076	-1756.01	-5301.642	0.0
frame_2077	-1756.01	-5301.642	0.0
frame_2078	-1768.32	-5331.817	0.0
frame_2079	-1768.32	-5331.817	0.0
frame_2080	-1780.3899999999999	-5361.902	0.0
frame_2081	-1780.3899999999999	-5361.902	0.0
frame_2082	-1792.4199999999998	-5392.335	-0.0
frame_2083	-1792.4199999999998	-5392.335	-0.0
frame_2084	-1792.4199999999998	-5392.335	-0.0
frame_2085	-1804.59	-5422.709	-0.0
frame_2086	-1804.59	-5422.709	-0.0
frame_2087	-1816.75	-5452.83	0.0
frame_2088	-1816.75	-5452.83	0.0
frame_2089	-1828.79	-5483.066	-0.0
frame_2090	-1828.79	-5483.066	-0.0
frame_2091	-1840.8899999999999	-5514.1140000000005	0.0
frame_2092	-1840.8899999999999	-5514.1140000000005	0.0
frame_2093	-1853.31	-5543.532	0.0
frame_2094	-1853.31	-5543.532	0.0
frame_2095	-1865.07	-5573.481	0.0
frame_2096	-1865.07	-5573.481	0.0
frame_2097	-1865.07	-5573.481	0.0
frame_2098	-1877.0500000000002	-5604.2699999999995	0.0
frame_2099	-1877.0500000000002	-5604.2699999999995	0.0
frame_2100	-1889.37	-5634.336	-0.0
frame_2101	-1889.37	-5634.336	-0.0
frame_2102	-1901.4	-5665.168000000001	0.0
frame_2103	-1901.4	-5665.168000000001	0.0
frame_2104	-1913.73	-5695.276	0.0
frame_2105	-1913.73	-5695.276	0.0
frame_2106	-1925.77	-5725.603999999999	0.0
frame_2107	-1925.77	-5725.603999999999	0.0
frame_2108	-1937.8999999999999	-5756.122	-0.0
frame_2109	-1937.8999999999999	-5756.122	-0.0
frame_2110	-1937.8999999999999	-5756.122	-0.0
